gender,chapter_number,title,reference_content,bible_verse_text,bible_verse_reference,quote_text,quote_attribution,is_photo_chapter
female,1,Don't Compare Yourself to Others,"You would figure that the “competition, comparisons, measuring up, cliques, groups, etc.” would be gone once you leave school and step into adult life. You would think the social pressures, and the wondering about what everyone else thinks and does, would finally go away.

It doesn’t.

I have seen far too many people well into adult life who are still comparing themselves to everyone else. They are still trying to keep up with the rich neighbor, the smart relative, the famous schoolmate, or the popular coworker. It is a waste of time and not worth the effort. You can’t win, but you can lose.

The years growing up are rampant with people comparing where they are, where they are headed next, and what they have accomplished. There is always someone who did better than we did, and someone who did worse. The problem is that not everyone started in the same place — and we know for a fact that these years are NOT the finish line.

We have each been given things we can control and things we can’t. You can’t control the fact that you are bright, smart, beautiful (I’m allowed to say that!), and funny, any more than you can control the house or the country you were born into. But you can control how you respond to conflict, hardship, and success — and how you stay committed to God, family, friends, and even enemies.

Expect the best from yourself no matter what your circumstances. Don’t compare your success or failure to others. Measure your ""place"" against your own dreams and goals, and against what God wants for your life.","A sound heart is life to the body, but envy is rottenness to the bones.",Proverbs 14:30,The truest mark of being born with great qualities is being born without envy.,Francois De La Rochefoucauld (1613 - 1680),t
female,2,Seeking Advice from Others,"They say in business that free advice isn’t worth anything. I disagree. Seeking advice to help you make decisions is critical to your success as an adult — and even now. Finding people who have experience you can draw on to make decisions about your life is really valuable. That advice can steer you in the right direction and help you live the life you were meant to live. The formula I use is simple: take in all advice and measure it three ways.

First, does it match up to the Bible? It is the one place I can always trust. Then I pray about it. Why not get the answer straight from the top? What is cool is that even people who aren’t Christians or Jews live by the truth that is in the Bible. Most don’t even know they are following it.

Second, does the person giving the advice have my best interest in mind? (Note: I first seek advice from people who are close to God. Whenever I am seeking real advice, I always look at what their relationship is like with Jesus at that time. Usually I will ask, “How is your walk these days?” From there I can measure the advice.) Do they like me and care for me? People who love you are a great place to get input. Despite my shortcomings at times, that is why you should always ask me for advice — whether you use it or not.

Third, does this person have a personal interest in the question? If so, then I have to be very careful with their advice. This is especially true in relationships. Seeking advice from — or listening to — a boyfriend, for example, on whether to have sex with him before marriage would be a “bad” place to get advice.

Remember, I am your biggest fan, and I will ALWAYS give you an answer that is in your best interest — even if you don’t like it.",“Every word of God is flawless; he is a shield to those who take refuge in him.”,Proverbs 30:5,Successful people follow the same advice they prescribe for others.,Author Unknown,f
female,3,Character,"It’s hard not to be a hypocrite. Everyone ends up being one occasionally. For the most part, we start acting like someone we’re not, or trying to be something we aren’t. We say one thing and do another. We try to impress our friends, hide things from our parents, go along with the crowd, and even show off. Sometimes our bad behavior doesn’t look so bad simply because we’re around people whose behavior is worse. Our own odor, while awful, doesn’t seem to “smell” so bad when those around us are much worse!

But the secret to character — and the true measure of any hypocrite — is how you act when you are alone. You can tell who you truly are when you are by yourself and no one else can see you: when it is just God and you. How you behave in those private moments speaks volumes. Are you honest? Do you hold yourself accountable? Are you the same person alone as you are in front of others? If someone were watching, would you be proud of what you did?

Here’s the thing about character: it isn’t built in the big, dramatic moments. It’s built in the small ones, over and over — the times you tell the truth when a lie would be easier, the times you do the right thing when no one would ever know the difference. Every one of those small choices is a brick, and over the years they build the person you become.

The good news is that it works in your favor. If you practice being honest and good when you’re alone, being honest and good in front of others becomes almost automatic. You won’t have to remember which version of yourself to be, because there will only be one you — the same person, everywhere, all the time. That is what integrity really means: being whole, undivided, the same on the inside as the outside.

And if you are ever looking for someone’s character to emulate — Jesus would be a great choice.

Be a person of character first when you are by yourself. Then, when you’re around other people, it will be much easier — because you’ll already know exactly who you are.",Give her credit for all she does. She deserves the respect of everyone.,Proverbs 31:31,"Be more concerned with your character than your reputation, because your character is what you really are; your reputation is merely what others think you are.",John Wooden - Hall of Fame Basketball Coach,f
female,4,Forgiveness,"There is probably no stronger attribute a person can have than the ability to forgive and to ask for forgiveness. In many instances it is a very small action on your part, but it has a huge impact on the people you love — and even on those you don’t. The inability to forgive is much harder on you than it will ever be on the other person. When you don’t forgive, you give up control of your peace, your joy, and sometimes your sanity to either the other person or the thing that happened. That is too hard, and way too much to give away.

The most challenging forgiveness for me is forgiving myself. How about you? I do really well when it comes to other people. It is almost easy for me to see the best in them. When you see the best in others — their challenges and their struggles — the things they do to you become much easier to forgive. But it doesn’t always work that way for me. The single hardest thing for me to do is forgive myself. What is crazy is that Christ died on the cross so we could be forgiven. If we don’t forgive others, including ourselves, then what He did was wasted. Even with all that knowledge and comfort, I still struggle in that area.

How are you at forgiving others? Are there things and people you need to forgive? What about yourself? Do you need to ask for forgiveness anywhere? Are you clean there as well? I hope so. I love you too much to have you burdened when the ability to forgive and be forgiven is right there in front of you.

<mark>Just to make sure you are reading these, if you say the word “forgiveness” and give me a high five, I will give you ten dollars.</mark>","For if you forgive men when they sin against you, your heavenly Father will also forgive you.",Matthew 6:14,"Anger makes you smaller, while forgiveness forces you to grow beyond what you were.",Cherie Carter-Scott,f
female,5,"Treat you like a ""Queen""","This is the first in a series about men and boys — the guys you’ll date, and ultimately the man you may marry someday. Consider it hard-won perspective on what you should expect, and what you should never settle for.

Minimum requirement #1: he treats you like a “queen.”

I cannot emphasize enough how important it is that you find someone who treats you wonderfully. You deserve to be treated that way every single day — not just sometimes, not “well, this one boyfriend wasn’t really like that.” All the time is the only acceptable answer. If you settle for less in even one small relationship, you start to believe it’s okay to be treated poorly. It isn’t, and it never will be.

Being treated like a “queen” means you are precious, special, respected, cared for, protected when it matters, and — most importantly — you belong to God and should be treated accordingly. This isn’t hard to recognize. You will know it when you see it, and just as importantly, you’ll know when you don’t.

Here’s something worth understanding: the people you choose to date are, in a way, a reflection of how you see yourself. If you choose someone who is selfish, self-absorbed, and completely focused on themselves, it often reveals that you don’t think you deserve better. You do. Don’t ever hand your time and your heart to someone who doesn’t appreciate you. Does that make sense?

So surround yourself with men who lift you up, who genuinely like you and respect you, and — above all — who draw you closer to Christ rather than away from Him. A man who points you toward God is worth a hundred who only point you toward themselves.","Husbands, love your wives, just as Christ also loved the church and gave Himself up for her.",Ephesians 5:25,No one can make you feel inferior without your consent.,Eleanor Roosevelt,t
female,6,Men and their Mom's,"Watch how the guys you date treat their mother. It is the best window you will ever have into how they will treat you. If a man treats his mother with kindness and respect, there is a very good chance he will treat you the same way. Think back to when you were growing up — you can probably picture plenty of your friends and how they treated their own moms. Most of my friends were pretty good at it. How were yours?

You can learn an enormous amount about a man by how he treats his mother. Is he kind to her? Does he make fun of her — and I mean mean-spirited, not good-natured teasing? Does he speak to her gently? Does he respect her? Does he lift her up in front of other people, or put her down? Does he honor her? Pay attention, because how he treats the woman who raised him is very likely how he will one day treat his wife.

Here is why this matters so much: he took a lifetime to learn how to treat his mother. Those are deep habits, formed over years, and they don’t just disappear when he meets someone new. People show you who they are over time, in the small moments — not in the way they act when they are trying to impress you.

And while you are watching how he treats his mother, watch how he treats everyone who can’t do anything for him — the waitress, the janitor, the person who makes a mistake. A man’s real character shows in how he treats people he doesn’t have to be kind to.

None of this means you are looking for someone perfect. You won’t find him, and he won’t find a perfect you either. But you are looking for someone whose heart is in the right place — someone kind, respectful, and honoring, especially toward the people closest to him. You deserve to be treated well, every single day. Watch closely, and believe what you see.",Honor your father and mother so that you will live a long time in the land that the Lord your God is going to give you.,Exodus 20:12,How sharper than a serpent’s tooth it is to have a thankless child!,"Shakespeare, King Lear",f
female,7,Lying,"You’ve probably read a thousand messages on this subject already, so I’ll keep mine simple.

First: tell the truth, if for no other reason than it’s the easiest thing to remember. Lies require upkeep. The truth just sits there, always the same, waiting for you whenever you need it. A liar needs a good memory; an honest person needs none.

Second, a subtle one: not saying something isn’t the same as lying. One of my favorite movie lines is “You can’t handle the truth!” — and the fact is, sometimes people can’t, and sometimes they don’t need to. If a hard truth won’t help, heal, or lovingly correct someone, you’re not required to say it just because it’s true. Choosing to stay quiet, or to be gentle, isn’t dishonesty — it’s kindness. There’s a big difference between lying and simply not volunteering every blunt opinion you have.

Third, and this is the big one: don’t lie to yourself. This is the lie that does the most damage, because you’re the one person you can never get away from. The recovery programs for drinking and drugs have a step about getting out of “denial” — which is just a fancy word for the lies we tell ourselves. Self-deception always gets worse with time, never better. The truth you avoid today will cost you more tomorrow.

And be sharp about what you take in. We live in a world absolutely flooded with untruth — fake stories, doctored images, confident voices online saying things that simply aren’t so. More than any generation before you, you’ll have to work to find what’s real. Don’t be lazy about it. Just because you read it or heard it or saw it doesn’t make it true. Weigh everything against what you know to be right, and against God’s Word, which never changes.

And stay humble. I once read a prayer in a book that stuck with me: “Lord, help me to forgive, and to accept, those who sin differently than I do.” Hold honesty as sacred — it matters more than ever — but be gracious toward others, because you have your own failings too. Guard the truth, tell the truth, and love the people who are still learning how.","To fear the Lord is to hate evil; I hate pride and arrogance, evil behavior and perverse speech.",Proverbs 8:13,A liar needs a good memory.,Quintilian,f
female,8,Wow! You are Special,"I am so proud of you. There’s really no other way to say it. You are something truly special — far more than I ever could have imagined the day you were born. And somehow, you keep becoming more.

The joy you bring me is impossible to measure. There are so many things about you that I love — little things, big things, things you probably don’t even know I notice. I am so deeply blessed to have you as my daughter. Not many people get a gift like you, and I get to keep you forever.

I can’t wait to see who you become as you grow. I can’t wait to meet the person you’ll marry someday. And I really can’t wait to see your own children one day — can you even imagine what your kids will be like? Think about that for a second. Pieces of you, running around, being wonderful.

This book is supposed to be 52 things you need to know. This one is the simplest of them all, and maybe the most important:

You are special, and I love you — VERY, VERY much.",My command is this: love each other as I have loved you.,John 15:12,To love is to receive a glimpse of heaven.,Karen Sunde,t
female,9,Healthy Eating,"“You are what you eat.” It’s a corny saying, but it really is true. Sadly, there are a ton of bad food choices available all day long, and it seems like the more stress and time pressure we’re under, the worse we tend to eat. Learning to eat well is a genuinely valuable life skill. An understanding of nutrition and health will benefit you for your whole life.

Please forgive the analogy, but your body is a lot like a car. If you put the right fuel in it, take care of it, and treat it the way the “manual” says, it will perform great. If you neglect the engine and only worry about how it looks on the outside, you’ll eventually run into trouble. The big difference is this: with a car, you can always get a new one. Your body is the only one you’ll ever have.

Remember that it all works together — eating well, moving your body, and getting enough sleep all add up to a healthy body you can use to chase every one of your dreams and goals. This isn’t about being a certain size. It’s about being strong and well enough to live the life God has for you.

One honest and important thing: a lot of people — of every age — quietly struggle in this area. Some start to see themselves in the mirror very differently than they actually are, and that can lead to deep pain, and sometimes to eating disorders. If you ever feel confused, anxious, or at war with food or your own body, please don’t carry it by yourself. Come talk to me, or to someone who loves you. There is no shame in struggling, and there is real help. You are never a burden for needing it.

Take care of the body God gave you, treat it with respect, and use it to live a full and joyful life. It’s the only place you get to live — make it a good home.","Do you not know that your body is a temple of the Holy Spirit, who is in you, whom you have received from God? You are not your own.",1 Corinthians 6:19,Take care of your body. It’s the only place you have to live.,Jim Rohn,f
female,10,Money,"One of the most valuable things a man I worked for ever taught me came in the form of a hard question. One day he looked at me and said, “Why do you choose to be poor?” I didn’t have a good answer, so I told him I didn’t choose to be poor. He said that based on how hard I worked and the job I was doing, I was, in fact, choosing it.

That felt harsh at the time — and honestly, it’s not the whole truth. Not everyone works for money, and money is far from the only thing that matters. Being poor in money doesn’t make you poor in spirit, poor in friends, or poor in the things that actually count. But buried in his blunt question was something real: for many of us, how much we earn really is more of a choice than we like to admit.

Here’s what I’ve learned since. Plenty of people far less clever than me make much more money than I do. And plenty of people far smarter than me make much less. Making money, in a lot of cases, is a decision — about effort, focus, and the value you choose to create. I came to see it as one useful way of keeping score. Not the only way, and definitely not the most important way — but one honest measure of how well you’re doing what you set out to do.

Now here’s the balance, and it matters: money is a wonderful tool and a terrible master. The Bible doesn’t say money is evil — it says the love of money is. Chase it as your scoreboard for life and you’ll never have enough; no amount satisfies that hunger. But earn it honestly, hold it loosely, use it to bless people, and it becomes a genuine gift.

One more principle I lived by: when I left a company, it would be in a sea of red ink or black ink — but never in handcuffs. Earn it, but always keep your integrity worth more than the money.",Whoever loves money never has enough; whoever loves wealth is never satisfied with their income. This too is meaningless.,Ecclesiastes 5:10,Lack of money is no real obstacle; lack of an idea is an obstacle.,Ken Hakuta,f
female,11,What Men say...,"One of the biggest risks we take when we let someone close is that we start to accept whatever they say about us as fact. Their words become our mirror. That’s fine when the person is kind and honest — but it’s dangerous when they’re not, because the people closest to us have the most power to shape how we see ourselves.

Here’s a truth worth holding onto: the person you marry, or seriously consider marrying, should absolutely find you attractive — and you are (there’s no denying that). But far more important than being loved for how you look is being loved anyway — for who you are, on the days you feel beautiful and the days you don’t.

A relationship built mainly on physical attraction is a shaky foundation. And a relationship where a boyfriend — or, worse, a husband — regularly criticizes how you look is not just shaky, it’s harmful. If a man consistently points out what he thinks is “wrong” with you, runs you down about your body, your clothes, or your face, walk away. It doesn’t matter how confident you are today; hearing that year after year will wear a groove in you. No one is strong enough to be criticized forever and stay unhurt.

Please hear me: you don’t have to earn someone’s kindness by changing how you look. A man worth your time will build you up, not tear you down. He’ll make you feel more like yourself, not less. If someone is constantly telling you to lose a few pounds, dress differently, or fix your face — that’s not love talking, and it’s not your problem to fix. It’s your signal to go.

You were made in God’s image, and you are already enough. Don’t ever let someone else’s words convince you otherwise.",What a person desires is unfailing love; better to be poor than a liar.,Proverbs 19:22,To love and be loved is to feel the sun from both sides.,David Viscott,t
female,12,The Perfect College Day,"There are 24 hours in a day. Here is what every successful college student figures out — ideally before they ever set foot on campus:

**A Perfect College Day:**
Sleep — 8 hours
School — 3 hours
Eating — 3 hours
Studying — 3 hours
Everything else — 7 hours
Total — 24 hours

If you can figure this out early enough, college will be a genuinely successful experience. You’re given 24 hours every day, and if you can discipline yourself to get enough sleep and study a little every single day, you will do amazingly well. Managing your time is one of the biggest keys to college — bigger than raw intelligence, honestly. Plenty of brilliant people flunk out because no one is making them go to bed or do their work anymore.

Look at that schedule again: even after sleep, class, meals, and studying, you still have seven hours left over every day to have fun, work, join things, and hang out. That’s an enormous amount of freedom. The trick is that the freedom is exactly what makes it hard.

The jump from high school to college is honestly a little alarming. Nobody wakes you up. Nobody checks your homework. Your ability to stay focused in an environment of total freedom is the real adjustment — and it’s where a lot of people stumble. I made sure I went to the library to study, because every time I tried to study in my dorm room I got distracted by everything and everyone. Find your own version of the library — a place where your brain knows it’s time to work.

Study a little every day, protect your sleep, and use your freedom wisely. Do that, and you’ll be amazed how well the rest of college falls into place — including all the fun in those seven hours.",There is an appointed time for everything. And there is a time for every event under heaven.,Ecclesiastes 3:1,Half our life is spent trying to find something to do with the time we have rushed through life trying to save.,Will Rogers (1879 - 1935),f
female,13,Pornography,"I know this might sound like a strange subject for a parent to bring up — but it’s a serious one, and I’d rather be honest with you than leave you unprepared. Pornography is a massive addiction in this country, especially among men. It is degrading to women, and it’s harmful all the way around. So be aware of it in the guys you date and spend time with, because it really does eat at a person’s brain and fill it with false images and impossible expectations.

A guy who talks to you about pornography, or mentions something he’s “seen” that you should try, is showing you exactly who he is — and it’s the wrong person to be around. This includes magazines, explicit movies, most of what’s a click away on the internet, and anything else that treats women as objects. Sadly, for a lot of men there’s a very short distance from “barely bad” to genuinely sick. It’s an addiction, and addictions only get worse over time.

I also want you to understand what it quietly does to a person. It takes something God designed to be beautiful — real love and real intimacy between a husband and wife — and trades it for something fake on a screen. Over time it teaches a man to compare the real woman he’s with to images that were never real to begin with. That’s a heartbreaking way to live, and an even harder way to be loved.

Here’s what I most want you to know: you are not a collection of images to be rated and compared. You are a whole person, made in God’s image, worthy of real love and real respect. A man who is captivated by fake, unreal women on a screen will always struggle to truly see and cherish the real, wonderful woman standing right in front of him.

Pornography has no place in a healthy relationship — married or otherwise. Stay away from it yourself, and don’t settle for a man who finds it fascinating. You deserve someone whose eyes and whose heart are fully, completely yours.",God wants you to be holy and to stay away from sexual sins.,1 Thessalonians 4:3,All sins are attempts to fill voids.,Simone Weil,f
female,14,Leadership,"It’s hard to teach someone to “give it their best.” That’s especially true in school. Some people never really try, and then feel bitter about the colleges, jobs, and choices they end up with — even though, deep down, they know they didn’t give it their all. You probably know people who are frustrated they can’t get into the school they wanted, yet never actually worked very hard for it. Here’s the truth: your effort counts. Your drive to do well in school can pay off, and it will.

But drive is bigger than grades. Once you know how to work hard — once you’ve felt what happens when you truly pour yourself into something — you’re holding one of the most valuable tools a person can have. The real question becomes: what will you do with it?

Can you apply that same drive to your relationships? To the people and causes you serve? Can you use it to teach others things you’ve already figured out? That’s what leadership actually is — it isn’t a title or a position. It’s taking the effort and ability God gave you and using it to lift other people up.

So let me ask you some real questions. Can you individually change the world? Can you make a difference for Jesus right here on earth? Can you influence a generation, a country, a town, a family — or even just one single person who crosses your path?

The answer is yes.

Not “maybe.” Not “someday, if things go well.” Yes — right now, as you are. God doesn’t hand that kind of drive to someone by accident. He gave it to you on purpose, for a purpose. So work hard, lead by serving others, and go be the answer. The world needs exactly what God put in you.","Commit to the Lord whatever you do, and he will establish your plans.",Proverbs 16:3,The final test of a leader is that he leaves behind him in others the conviction and will to carry on.,Walter Lippmann,t
female,15,Words,"For some reason, the older you get, the more your words matter. As a kid, you get a lot of leeway in what you say. Sometimes being young lets you “get away” with comments that get brushed off as just something a kid would say. But as you grow up, those same words don’t get passed over so easily — and more importantly, the responsibility for what you say changes. As an adult, you’re accountable not just for your actions, but for your words. A complaint, a criticism, a careless opinion — it all carries more weight than it used to.

Words are powerful in a way that’s easy to forget, because they feel free and temporary. But they’re not. A kind word can lift someone for a whole day. A cruel one can stick with a person for years — sometimes for life. You probably remember something hurtful someone said to you long ago, word for word, even if they forgot it the moment it left their mouth. That’s how much weight words carry.

So I encourage you to start now — measure your words before you speak them, especially with the people you love most. The people closest to you are the easiest to wound, precisely because they’ve let you in. Your words to me can hurt, and mine to you can too. Be aware of what you’re saying and why you’re saying it.

So many people hurt others, or get hurt themselves, over unkind and flippant words that a little extra care and maturity could have avoided completely. Choose your words like they matter — because they do. And when you get it wrong (you will, we all do), be quick to ask forgiveness. Few things repair a relationship faster than a sincere “I was wrong. Please forgive me.”","A soft answer turns away wrath, but a harsh word stirs up anger.",Proverbs 15:1,The difference between the almost right word and the right word is really a large matter—’tis the difference between the lightning-bug and the lightning.,Mark Twain,f
female,16,Gossip,"I’ve experienced the damage gossip does, and I’m sure you have too. It’s corrosive — it hurts the person being talked about, it hurts the person listening, and in the end it hurts the person doing the talking most of all. Nobody comes out of gossip better than they went in.

One of my friends once described three classes of people to me — and he wasn’t talking about money:

**Lowest:** people who talk about other people.
**Middle:** people who talk about themselves.
**Highest:** people who talk about ideas and vision.

It’s a simple test, and it’s stuck with me for years. Listen to what someone spends their conversation on, and you’ll learn almost everything you need to know about them. And every so often, turn that same test on yourself — what do you mostly talk about?

Here’s what I’ve come to understand about why people gossip: usually it’s because they need someone to compare themselves to. Tearing another person down, even just in words, makes their own problems feel a little smaller for a moment. Someone else’s misery becomes a strange kind of comfort. But it’s a cheap comfort that never lasts, and it quietly makes the gossip a smaller person every time.

This is one of those areas where I’ll tell you one thing and then sometimes fail at it myself. I don’t gossip much — mostly because I don’t go looking for it — but when a juicy piece of information lands in my lap, it can be genuinely hard not to pass it along. That’s still gossip, even when it’s true, and I have to catch myself. You’ll be tempted too. We all are.

So here’s the goal: be someone people can trust with their name when they’re not in the room. Don’t be a gossip. Talk about ideas, dream about the future, and when it comes to other people — build them up, or say nothing at all.","They also learn to be idle, going about from house to house, and not only idle but gossips and busybodies, saying things they ought not to.",1 Timothy 5:13,No one gossips about other people’s secret virtues.,Bertrand Russell,f
female,17,"""Old"" Friends","Friends are one of the biggest forces in your life. They can shape who you become and what you do more than almost anything else. You’ve heard all the warnings — “if you hang around with trash, you’ll start to smell like it,” and they’re true. Choose your close friends carefully, because you slowly become the people you spend the most time with.

But here I want to talk about a specific, wonderful kind of friend: the old one. I’m deeply partial to my childhood friends, simply because I’ve known them so long. The funny thing is, I don’t have much in common with most of them anymore — different states, different jobs, different lives. What we share is our history. And that turns out to be one of the richest things two people can share.

When we get together, it’s mostly to talk about old times — to laugh about the dumb things we did, said, and believed back when we knew nothing. I treasure those memories, and I love the people who hold them with me. There’s a comfort in being around someone who knew you before — before the job, before the responsibilities, before you had it all figured out (or pretended to).

So stay close to your old friends if you can, even if you rarely see them. You don’t have to talk every week. You don’t even have to have much in common anymore. Some twenty or thirty years from now, you may still be in touch with a few of them, or you may not — but when you do reconnect, you’ll pick right back up, and for that little while, you’ll be close friends again like no time passed at all.

Make good friends now. And then, whatever else changes, keep them.","A friend loves at all times, and a brother is born for a time of adversity.",Proverbs 17:17,In prosperity our friends know us; in adversity we know our friends.,Churton Collins,t
female,18,Danger,"I once heard a San Diego police officer share a piece of advice that has stuck with me ever since, and I want to pass it on to you because it could genuinely save your life. Here’s the principle: the first place is always better than the second.

What he meant was this — if someone ever tries to hurt you or take you somewhere, run immediately, right where you are. Because if a person is willing to harm you in public, they intend to do far worse in private. The “second place” they want to move you to is always more dangerous than the first. He gave example after example of people who were talked into going somewhere else and ended up badly hurt. Never, ever let someone move you to a second location. Make your stand — or your escape — right where you are.

Then he got specific, and I want you to remember these:

If someone gets into your car — say, in a mall parking lot — crash it right there, immediately. Don’t drive anywhere. The officer said this holds true even if you have your kids in the car and someone puts a gun to them — you still crash it right there. His reasoning was hard but sound: if they’re crazy enough to threaten you or your children in a public parking lot, they will do far worse once they get you somewhere private.

If someone demands your money, throw it one direction and run the other. If they only wanted the money, you’re fine. If they wanted you, you’ve got a head start.

If you’re in a restaurant or store and someone comes in to rob it, get up and leave right then — don’t wait to see how it unfolds.

Even if someone is standing a few feet away with a weapon, run. He told us most people miss, and the vast majority won’t even fire in public.

Have a plan. Talk through with your friends where and when you’d run. I know it sounds a little dramatic — but he swore it saves lives, and I believe him. Trust your instincts, move fast, and always choose the first place over the second.",The name of the Lord is a strong tower; the righteous run to it and are safe.,Proverbs 18:10,"Out of this nettle, danger, we pluck this flower, safety.",William Shakespeare,f
female,19,Confidence,"Confidence is one of the most attractive and useful qualities a person can have — and one of the most misunderstood. A lot of people think confidence is something you’re just born with, like eye color. It isn’t. Real confidence is built, and I want you to know how, because it’s one of the great secrets to doing well in life.

Here’s the truth almost nobody tells you: confidence comes from preparation. It comes from doing the work, putting in the reps, practicing the thing over and over until it’s second nature. The reason a musician isn’t nervous on stage is that she’s played the piece a thousand times. The reason a student walks calmly into a test is that he studied. Confidence isn’t a feeling you conjure out of thin air — it’s the natural result of being genuinely ready. When you’ve done the work, the nerves quiet down, because deep down you know you’re prepared. So any time you want to feel more confident about something, the answer is almost always the same: prepare more. Do the reps.

And here’s the deepest well to draw from: the steadiest confidence of all comes from knowing who God made you to be. When your identity is anchored in Him, you don’t have to fake it or prove it to anyone. But even that confidence still shows up in the doing — so prepare well, trust the work you’ve put in, and walk into the room ready.

So let me leave you with two questions worth sitting with — not just today, but for the rest of your life:

What are you truly confident in right now? Name the things you’ve prepared for, worked at, become genuinely ready for. Be proud of those — you built them.

And what do you wish you felt more confident about? Whatever came to mind — that’s just a place where the work isn’t finished yet. Not a weakness, not a limit. Just your next set of reps. Go put them in, and watch your confidence grow right alongside them.","For God has not given us a spirit of fear, but of power and of love and of a sound mind.",2 Timothy 1:7,"Whether you think you can, or you think you can’t — you’re right.",Henry Ford,f
female,20,The Only Measurement,"Jesus Christ is the only answer when there are no answers — and just as importantly, when there are answers. Don’t measure your decisions, your actions, your attitudes, your career, or who you marry against anything or anyone else but Him. If you keep Him as the model, the standard you hold everything up against, you truly cannot go wrong.

Here’s why this matters so much: the moment you start depending on a human being — including yourself — you will eventually be let down. It’s not a maybe; it’s a guarantee. People are people. I’m a great example of that myself. I could parade ten people past you who’d tell you how wonderful I am compared to others they know. But you know, and I know, my own past and my own failures. I’m a decent example in some areas, and I fall very, very short in others. For whatever it’s worth, so does everyone else — even the ones who look like they have it all together.

You’ll fall short too. We all do. Right now, you’re young and blessed, with the whole world in front of you, and the need for Jesus might not feel urgent or obvious. Trust me on this one: you need Him. He is the only help you can truly count on for the rest of your life — the one who never lets you down, never leaves, never changes. Learn to lean on Him now, while the sun is shining, rather than waiting until it’s pouring rain and you’re desperate.

Life was meant to be lived His way. There are other ways — the world is full of them — but none of them are as rewarding, as steady, or as genuinely exciting as the life He offers. Measure everything by Him, and you’ll always know where you stand.",The fear of the Lord is the beginning of wisdom; all who follow his precepts have good understanding. To him belongs eternal praise.,Psalm 111:10,"It ain't those parts of the Bible that I can't understand that bother me, it's the parts that I do understand.",Mark Twain,t
female,21,Marry a Godly Man,"Make it a purpose to eventually let the important men in your life become people I know, too. You may roll your eyes at that now, and that’s okay — but someday, letting the people you love and the people who love you know each other will be one of the best moves you can make. The more the people who care about you know the person you’re with, the better it will be for you, and for him.

Now the heart of it: marry a Godly man. And that requires dating Godly men first — if you don’t start right, you won’t finish right. It means actually asking the men you date whether they follow Christ. Here’s the tricky part: some will say yes and genuinely believe it, but not really know Him at all. They think they’re fine because it’s what they’ve always assumed about themselves — but there’s no real relationship there. Don’t settle for that. A man who assumes he’s a Christian is not the same as a man who walks with Christ. Keep looking until you find the real thing.

Two simple questions will tell you a lot:

1. What’s your story of how you met Christ? You know the right answer — and it isn’t “I go to church,” “I was baptized as a child,” or “I’m a Methodist/Catholic/Baptist.” Those are backgrounds, not a relationship. You’re listening for a living, personal faith.

2. Where do you worship now? You’re looking for someone actively growing, bearing fruit, part of a church community. (And here’s a great sign: if he asks you the same questions.)

You want to marry someone you can respect and admire — so make sure he is Godly. When he is, you’ll know he’s relying on someone bigger than himself. Being successful doesn’t mean a man will treat you and your children well. And even loving the Lord is no guarantee. But if he truly loves God, then even if he strays, there’s always a way back — and that is something you can count on. When two people both rely on God, there’s no question without an answer and no problem that can’t be faced together. Don’t settle for less than that. Hold out for it.","What I am telling you is good, So do not forget what I teach you.",Proverbs 4:2,It is very difficult to live among people you love and hold back from offering them advice.,Anne Tyler,f
female,22,Anger,"You’ve heard this a million times, and you’ll hear it a million more: holding on to anger buys you nothing. Staying angry and nursing grudges hurts you far more than it ever hurts the person or thing you’re angry at. I repeat it because if you don’t truly get this, anger can quietly take over your whole life. I’ve watched smart, successful, creative, wonderful people get slowly strangled by grudges they refused to put down.

Here’s something subtle worth understanding: some kinds of anger are socially approved, and that makes them the most dangerous of all. When everyone around you agrees you have a “right” to be angry — because of something that was genuinely unfair, or a wound someone really did cause you — it becomes so much easier to hold onto it forever. People will nod, sympathize, and cut you slack for it, sometimes for a lifetime. But all that permission does is make the anger harder to release, and releasing it is the only real path forward.

Wounds from your past and hard circumstances can quietly become crutches and excuses. The people who love you will always give you a pass for them. And there’s real help out there — good counselors and wise people who can help you work through genuine pain, and I’d never want you to avoid that. But be honest with yourself about the difference between healing from something and simply holding onto it. One sets you free; the other keeps you chained to the very thing that hurt you.

Some people even claim their anger helps them — that it drives them, focuses them, makes them work harder. In almost every case, that’s not true. Maybe, rarely, for a very short season. But over time, anger doesn’t help anyone, under any circumstances. There are far better fuels for a good life — purpose, love, gratitude, and faith among them.

And here’s the real secret to letting it go, the one that actually works: you don’t have to carry it alone, and you don’t have to be strong enough to release it by yourself. Give it to Jesus. Hand Him the anger, the grudge, the hurt — all of it — and let Him take it. He can carry what you can’t. Every time it creeps back (and it will), give it to Him again. That’s not weakness; that’s exactly how healing works. Let the anger go, and let Him have it. You’ll be lighter, freer, and far more yourself without it.",Refrain from anger and turn from wrath; do not fret — it only leads to evil.,Psalm 37:8,Anger is never without an argument But seldom with a good one.,George Savile,f
female,23,Crying,"I cry pretty easily. I boo-hoo at sad movies, and I’m even more of a faucet at happy, joyful moments. I’m going to cry when you get married, and God-willing, when you have a child of your own. A lot of people are taught to hide this — that tears are weakness, that real strength means a dry face. That’s simply not true, and I don’t want you to believe it for a second.

So why all this talk about crying? Because I want you to know, deep down, that it is healthy to feel things so strongly — good or bad — that they move you to tears. Feeling that much isn’t a flaw. It means your heart is alive and working exactly the way God designed it.

I have seen you cry many times, and I’ll tell you the truth — you are beautiful when you cry. Don’t ever try to shut off the waterworks as you go through life. (The one possible exception is at work, where it isn’t always practical — but even there, don’t be ashamed of it.) Keep crying for joy. Cry at weddings and babies and songs that get you right in the chest.

And when loss comes — because it will — it’s important that you grieve. Not forever, and not in a way that takes over your life, but let yourself actually feel it. Grief is love with nowhere to go, and it deserves its time. With Christ’s strength, you will come through it, every time. Don’t rush yourself, and don’t let anyone tell you that you should be “over it” by now.

Experience everything God has for you, in every kind of emotion — the joy and the sorrow both. So, for “cryin’ out loud”… keep the tears flowing.","His anger lasts only a moment, but his favor lasts a lifetime; weeping may stay for the night, but rejoicing comes in the morning.",Psalm 30:5,Those who do not feel pain seldom think that it is felt.,Samuel Johnson,t
female,24,Memories,"Your memory is not as good as you think it is. That’s a hard lesson to learn, but once you accept it, life actually gets easier. I’ve noticed that I remember how bad the “bad” things were, but I don’t always remember the good as clearly. And the bad tends to look even worse in the rearview mirror — I forget the context, the circumstances, all the surrounding pieces that were part of the real story.

There’s so much I’ve simply forgotten over the years. Some of it is gone forever; some comes back only when a person or a place reminds me. I cherish the memories I’ve kept, because sometimes they’re all I have left of the past.

Here’s the thing to watch out for: a lot of people live their whole lives carrying baggage tied to a single memory. They can’t recall the whole event — just fragments — and those fragments hold them hostage for years. And it isn’t always a bad memory that traps someone. Sometimes it’s a good one. You know the type — the people who “peaked” in high school and never wanted to leave it: the football star, the girl who always had a boyfriend, the guy with the coolest car. A good memory can hold you back just as surely as a bad one, if you let it become the best thing that ever happened to you.

So as you go forward, don’t rely on memory alone. Much of what happened to you as a child, you remember through a child’s eyes — sometimes that’s sweet, sometimes it’s distorted. When something from the past is weighing on you, ask the people who were there what they remember. Everyone’s version will be a little different, and that’s exactly the point: there was always more to the story than the piece you’re holding.

Getting other perspectives will keep you free — free from both the bad memories and the good ones that can quietly hold you back from becoming everything God made you to be.",I will forgive their wickedness and will remember their sins no more.,Hebrews 8:12,"Not the power to remember, but its very opposite, the power to forget, is a necessary condition of our existence.",Sholem Asch,f
female,25,The Bible,"There’s something a little funny — and a little humbling — about spending all this time giving you my advice, hoping you’ll read every word. Because the honest truth is this: you’d be far better off setting this whole book down and just reading the Bible instead. That goes for everything I say, and everything every other man and woman on earth has ever said — including you. Next to God’s wisdom, all of us are working with tiny, cloudy little perspectives.

At your age, you’ve seen very little of this world. I’ve seen more than you — and I still know almost nothing. That’s not false modesty; it’s just true.

There’s a story I love about this. Two men were arguing, and one insisted there was no God. After going back and forth for a while, the other man pulled out a paper plate and said, “Imagine all the knowledge that could ever exist — everything that could possibly be known about this world — is represented by this plate. How much of it do you think you know?” The first man took a pen and made a single tiny dot. The other man smiled and said, “Don’t you think, somewhere in all the rest of that plate, there just might be something you don’t know — something that could make you wrong?”

That’s the whole thing, really. We know so little, and God knows all of it. So read His Word. Not once — over and over, for the rest of your life. It will teach you, correct you, comfort you, and steady you in ways nothing I write ever could.

I’m grateful you’re reading these pages, and I know it’s because you love me — that’s the only reason I get to share these life lessons with you at all. But please hear me clearly: it’s all garbage compared to what God has to say. My deepest hope is that my advice simply echoes His. You already know that’s true. I just needed to say it out loud, and to make sure you knew that I know it too.","All Scripture is God-breathed and is useful for teaching, rebuking, correcting and training in righteousness.",2 Timothy 3:16,You can learn more about human nature by reading the Bible than by living in New York,William Lyon Phelps,f
female,26,Cut Your Losses,"If a guy doesn’t treat you like you’re the only woman in the world to him… dump him. I mean it. Don’t ever let yourself believe that some man is better than you, or that he has any right to treat you as anything less than the queen you are. (You’ve heard me use that word before, and you’ll hear it again, because it’s true.)

Here’s what happens when you allow someone to treat you badly: first, he loses respect for you — people rarely value what they’re allowed to mistreat. And second, far worse, you start to lose respect for yourself. That’s the real damage. Every time you accept less than you deserve, you quietly teach yourself that less is all you’re worth. It isn’t.

Now, not every guy is going to treat you like a queen — and that’s okay. That’s just life. The key is what you do next: you don’t go out with him again. One chance to show you who he is; after that, believe him.

There will be times when you’re the one doing the chasing — when you’ve decided some guy is perfect, or just right, and you pursue him. And sometimes you’ll catch him, only to discover he doesn’t treat you well at all. When that happens, don’t twist yourself into knots trying to make it work. Just recognize the simple truth: he has bad taste, and you made a mistake. Both fixable.

Fishermen have a term for this — “catch and release.” Just because you decided to chase a guy, and even managed to catch him, does not mean you have to keep him. If he’s not right, throw him back. There are better fish, and you have all the time in the world. Never, ever settle for someone who doesn’t treasure you.","I praise you because I am fearfully and wonderfully made; your works are wonderful, I know that full well.",Psalm 139:14,"’Tis strange what a man may do, and a woman yet think him an angel.",William Makepeace Thackeray,t
female,27,Abortion,"This is a hard subject, but an important one, and I’d be failing you if I stayed quiet about it. Let me start with the most important thing: the surest way to never face this decision at all is to save yourself for marriage. I want that for you deeply — we talk more about it elsewhere — and it’s the first and best protection I can offer you here. But because life is complicated and people I love sometimes end up in hard places, I want you to know where I stand — so you can help a friend, or, if it ever came to it, so you’d know exactly what I’d say to you.

I’ve known a number of women who have had abortions — you may know some yourself, even if you don’t know their story. The ones who’ve been honest with me carry a sorrow that’s almost impossible to put into words. Deep down, they know a life was ended, and that knowledge stays with them.

I’ve also known young women who had children very early — one at fifteen, another at seventeen — and placed them for adoption. They’ll tell you honestly that they regret the choices that got them there. But not one of them regrets that their child is alive today. There’s no hidden burden, no lasting damage — just the quiet peace of knowing that a hard mistake didn’t become a permanent one, and that someone is alive because of the harder, braver choice.

Sometimes people justify it because the man wanted it to happen, or didn’t want any responsibility. If that is the case, then don’t let them lead in this situation. A child’s life is far more important than anyone’s embarrassment, reputation, fear of telling parents, or convenience.

Here’s the heart of it: abortion is an easy short-term solution with heavy lifelong consequences. Adoption is a hard short-term choice with beautiful, lasting ones.

And if you ever find yourself frightened and unsure — sure you can’t tell me — please hear this now, while it’s calm: come to me. There is nothing you could ever do that would make me stop loving you, and no problem we can’t face together. There is always another way, and there is always grace. You will never have to walk through anything alone.","Before I formed you in the womb I knew you, before you were born I set you apart.",Jeremiah 1:5,There is one thing alone That stands the brunt of life throughout its course; A quiet conscience.,Euripides,f
female,28,Respect,"There’s a shift coming in our relationship that I want you to see ahead of time, because it’s a good one. Right now, while you’re young, honoring me mostly means doing what I say. That’s how it should be — it’s my job to guide you, and yours to trust that guidance. But that’s not where it ends. As you grow into an adult, honor changes into something deeper and better: not obedience, but respect — the kind two grown people choose to give each other.

That’s really what this chapter is about: the new relationship you and I get to build once you’re grown. It won’t be parent-over-child anymore. It’ll be two adults who love each other, treating each other with respect — and I can’t wait for it.

Here’s what respect between us will look like. It means we measure our words with each other, especially in the heated moments. It means you can disagree with me — openly, as an equal — and still honor me, and I can do the same with you. It means neither of us has to be perfect or pretend to be. I’ve never wanted a child who just nods along, and I won’t want an adult child who does either. Real respect has room for honest disagreement; that’s what makes it real.

This matters enough that God made it one of the Ten Commandments: “Honor your father and mother.” Notice He didn’t put an expiration date on it. The way you honor me will change as you grow — from obeying, to respecting, to one day maybe caring for me the way I once cared for you — but the honor itself is meant to last a lifetime.

So let’s build it together: a relationship rooted in respect, strong enough to hold disagreement, and warm enough to last the rest of our lives. That’s one of the greatest gifts we could ever give each other.","Honor your father and your mother, so that you may live long in the land the Lord your God is giving you.",Exodus 20:12,An injury is much sooner forgotten than an insult.,Lord Chesterfield,f
female,29,Travel,"Travel anywhere and everywhere you possibly can. Very few things will help you grow — as a young person and long into adulthood — the way travel does. The more people you meet, and the more you see them in their own homes, their own countries, their own ways of living, the wiser and more understanding you become.

There is nothing quite like witnessing how other people live to help you understand your own life. When you see families with far less than you have who are somehow full of joy, it rearranges something inside you. When you see how differently people in another country eat, worship, work, and raise their children, you stop assuming your way is the only way — or even the best way. Travel is one of the great cures for a small, self-centered view of the world. It grows your gratitude and your compassion at the same time.

It also does something for your faith. When you stand in a place completely different from home and realize God is there too — loved and worshiped by people who look nothing like you and speak a language you don’t understand — the world gets bigger and God gets bigger right along with it. His family is vast, and you’re one small, treasured part of something enormous.

Your “world” is already far smaller than the one I grew up in. The internet has shrunk it — you can see and reach almost anywhere in an instant. That’s a gift, so use it: connect with people who are different from you, learn about lives unlike your own. But don’t let a screen be a substitute for actually going. Nothing online compares to standing somewhere new, with your own two feet on the ground.

So go. See it. Meet people. Get a little lost. You will come home a bigger, kinder, more grateful person every single time.",For he looks to the ends of the earth and sees everything under heaven.,Job 28:24,"For my part, I travel not to go anywhere, but to go. I travel for travel’s sake. The great affair is to move.",Robert Louis Stevenson,t
female,30,Working Hard,"Here’s one of the most encouraging truths I can give you: hard work requires no intelligence, no money, no advantages, and no connections. It doesn’t matter who your parents are, what you were born with, or how you compare to anyone else. Effort is the one path to success that is completely available to you, every single day. All it asks for is commitment and perseverance — and those are choices, not gifts.

Your ability to work hard in school will be a huge advantage to you for the rest of your life — and not just in a career. Once you’ve learned how to truly work at something, you can apply that same effort to the things that matter most: your marriage someday, raising your kids, staying close to your friends, and above all, your relationship with Christ. Hard work isn’t just for jobs. It’s for everything worth having, because nothing worth having comes easy.

You have real talent and real skills. When you combine them with genuine effort, there’s very little you can’t accomplish if you set your mind to it. But here’s the part most people miss: it isn’t only about how hard you work — it’s about what you work hard on. It all comes down to your priorities.

So let me give you an order worth keeping for life. Put your effort and your priority into these, in this sequence: first your relationship with Christ, then your family (and once you’re married, your spouse comes first, even before your parents and children), then your health, then your work or school, and then your friends. All of them matter. But when you keep them in that order, everything tends to fall into place. When you get the order backwards, even good things start to crowd out the most important ones.

Work hard. Work hard on the right things, in the right order. Do that, and you will not just succeed — you’ll build a life that actually means something.",One who is slack in his work is brother to one who destroys.,Proverbs 18:9,Hard work beats talent when talent doesn’t work hard.,Tim Tebow,f
female,31,Never Ever,"Read this one carefully, because I mean every word with everything in me. There is no instance — under any circumstance, ever — in which a man should strike you, in any form or fashion. None. Not “it was an accident.” Not alcohol. Not drugs. Not because you supposedly behaved badly, or provoked him, or even hit him first (which you should never do either). Not his rough past, his parents, his friends, his job, a bad day, money troubles, or stress over the kids. I could list reasons all day, and not one of them counts. There are no conditions whatsoever.

If it ever happens — even once — it is never your fault, and you need to get out as fast as you can. Call the police. Call me. Call anyone you trust who can help you. Don’t explain it away, don’t give him “one more chance,” don’t believe the apology and the flowers. Here is the hard truth: if a man hits you once, he will hit you again, and eventually he will hit your children too. You can absolutely count on it. It does not get better. It gets worse.

Now here’s how you avoid ever being in that situation: watch his temper long before it ever gets near you. How does he handle frustration? What does he do when he’s angry, when he loses, when things don’t go his way? Does he punch walls, break things, rage at other drivers, scream at waiters? Those are not small things — they are the early signs, and the Bible itself warns clearly against binding yourself to a person ruled by their temper.

You are precious, and you were made to be cherished — never feared into silence. A man who truly loves you will protect you, not harm you. Never accept anything less, not for a single day. And if you’re ever in it, come to me. No shame, no judgment, no lectures — I will help you, always.","A fool always loses his temper, but a wise man holds it back.",Proverbs 29:11,The worst tempered people I’ve ever met were the people who knew they were wrong.,Wilson Mizner,f
female,32,Money is a Tool,"Money is a tool — nothing more, nothing less. You work to live, not live to work. Any other idea about money will only bring you pain and heartache someday. Money doesn’t make you a better person or a worse one. It can’t buy happiness; the most it can buy is a feeling of financial security. And while knowing you’re not headed for the poor house is genuinely nice, that feeling alone will never fill your life or your heart.

Think about what a tool actually is. A hammer is wonderful for building a house and useless for making you happy. Money is exactly the same. Use it for what it’s good for — providing, building, blessing, helping — and don’t ask it to do the things only God and people can do. The moment you expect money to give you peace, worth, or love, it will fail you, because that was never its job.

So be open-handed with it. Give it to God first, then to your family, then to friends and to people and causes in need — in that order. Generosity is the surest sign that money is your tool and not your master. If you grip it too tightly, one of two things happens: you lose it, or worse, you spend your whole life afraid of losing it, which is its own kind of poverty.

Hold money loosely. Earn it honestly, use it wisely, give it freely, and never let it become the thing you measure yourself by. There will always be people with more and people with less, and none of that will tell you a single true thing about your worth.

Here’s the whole chapter in one line: money is not important. It is serious — it deserves your attention and your care — but it is not important. Don’t ever confuse the two.","As goods increase, so do those who consume them. And what benefit are they to the owners except to feast their eyes on them?",Ecclesiastes 5:11,A wise man should have money in his head; not in his heart.,Jonathan Swift,t
female,33,New College Friends,"Your friends are a reflection of who you are and what you do. We can’t really live without them — and if we pick the wrong ones, sometimes we barely live at all. So pick great friends in college, and be a great friend in return.

Here’s the most important thing I can tell you on this subject: actively look for Christian friends who genuinely love Jesus. Not people who just say they’re Christian, or grew up going to church — look for the ones whose faith is real and alive, who love the Lord and let it show in how they treat people. Those friends will do something no one else can: they’ll point you back toward God when you drift, pray with you when things get hard, and celebrate with you in a way that’s rooted in something eternal. Seek them out on purpose. They are worth more than any other kind of friend you’ll make.

Real friends are with you through the good and the bad. They know you, accept you as you are, and care enough to correct you when you need it — always making sure you understand they love you just the same. College will hand you a whole new set of people to choose from, so choose very, very wisely, because friends will influence you one way or the other. You’ll meet people who grew up in completely different worlds than you did — some in better environments, some in worse. Make sure the ones you pull close build you up and bring you joy, and make sure you do the same for them.

Almost everyone, at some point, gets tangled up with a friend who’s bad for them. You can usually feel that it’s wrong, but by the time you notice, you’ve already let them close, and letting go feels impossible. Watch out especially for the people who seem like they’ve “lived more” — done wilder, riskier things and come out fine. Here’s the truth: they didn’t live more. They dodged a bullet. And the next time, they might not — and the first time you try it, you might not either. Before you follow anyone down that road, ask yourself two honest questions: Can you live with the consequences? And do you want to?

So let go of bad friends — better yet, don’t start with them. And someday, I’d truly love to get to know the good friends you make. Bring them around. Nothing would make me happier.","One who has unreliable friends soon comes to ruin, but there is a friend who sticks closer than a brother.",Proverbs 18:24,The only reward of virtue is virtue; the only way to have a friend is to be one.,Ralph Waldo Emerson,f
female,34,A Great Communicator,"Communication is the key to almost everything you’ll do. It shapes your relationships with your family, your friends, your coworkers, your teachers — everyone. If you want the kind of success and the kind of life you dream about, you’ll have to become a great communicator. It doesn’t matter whether you’re a person of few words or many; what matters is that you learn to connect with people clearly, honestly, and kindly. Let me give you three kinds worth mastering.

**Respectful communication.** This is the foundation. Acknowledge people when they walk into a room. Look them in the eye. Offer a strong handshake. Recognize how someone is feeling, and take it seriously. Call people back when you say you will. These small things tell people they matter — and how you make people feel is something they never forget.

**Truthful communication.** Tell people the truth, but always in love. That means not lying, and not dodging hard conversations just because they’re uncomfortable. It means being kind with your words — honest without being harsh or cruel. It means telling people what they need to know in time for it to matter. And it means being someone who can keep a confidence: a person whose word is good, who doesn’t traffic in gossip, who can be trusted with what’s private.

**Loving communication.** This is the one people neglect most, and it’s the most important of all. It’s so easy to feel love and never actually say it — to assume the people close to you just know. They don’t always. Tell the people you love that you love them, out loud and often. Make the time and effort to truly connect with them, not just pass by them. Be the one who reaches out first, who picks up the phone, who says the thing that’s easy to feel but hard to say. Love that stays silent doesn’t do anyone much good.

Master these three, and you’ll open almost every door worth walking through — in your work, your friendships, and most of all, your family.",The Spirit of the Lord spoke through me; his word was on my tongue.,2 Samuel 23:2,"Communication is not only the essence of being human, but also a vital property of life.",John R. Pierce,f
female,35,I Love you Anyway,"“I love you.” Those may be the most powerful words on earth. For a lot of people, they’re like oxygen — you don’t realize how much you need to hear them until you’re not getting them. Here’s something important to understand early: love is a choice, not a feeling. It’s an action, a decision to love someone right where they are, on their best days and their worst.

I once saw a skit at church that has stuck with me ever since. It laid out three ways people say “I love you,” and only one of them is real:

**Wrong — “I love you BECAUSE…”** you love me, you behave, you’re smart, you don’t talk back. That’s love with a reason, and reasons can change.

**Wrong — “I love you IF…”** you get good grades, you agree with me, you do what I want. That’s love with a condition, and conditions can be failed.

**Right — “I love you ANYWAY.”** No matter what. There is nothing you could ever do to make me stop loving you.

That’s how I love you — anyway, always, no matter what. And it’s how I hope you’ll learn to love others. When your love comes with a “because” or an “if,” it gets complicated and it quietly wounds the people who most need to feel secure with you. Love that has no conditions is the only kind that actually holds.

So love people anyway. And tell them — out loud, all the time. It makes a bigger difference than you can imagine. It doesn’t even matter if you’re mad or hurt in the moment; you can still love someone you’re angry with. It might be a little harder that day, but the love is still there, still a choice, still yours to give.","Love always protects, always trusts, always hopes, always perseveres.",1 Corinthians 13:7,Love and a cough cannot be hid.,George Herbert,t
female,36,Consequences,"For everything we do on this earth — and for some things that are done to us — there are consequences. Sometimes they’re good, sometimes they’re bad, but they always come. You can count on it. And here’s what changes as you grow up: the consequences get bigger. As an adult, you have far more freedom to act, which means far more power to create consequences — for yourself, and for the people around you.

Look at how the stakes rise from childhood to adulthood:

As a child, if you misbehave, you get grounded. As an adult, if you break the law, you go to prison.

As a child, if you crash the car, your parents pay for it. As an adult, you pay — and depending on what happened, the cost can be far steeper than money.

As a child, if you wander off to the wrong place, you might get lost or scolded. As an adult, the wrong place at the wrong time can put you in real danger.

As a child, if you won the lottery, your parents would have to collect it for you. As an adult, you get to keep it (well — minus what the taxman takes).

You get the point. The freedom of adulthood is wonderful, but it comes with real weight. You’ve watched me reap the consequences of my own actions — the good ones and the bad ones — and you’ve seen how they rippled out and affected you, too. That’s how consequences work: they rarely stay contained to just the person who caused them.

Here’s the most important thing to remember: you can’t always see or measure the consequences before you act. No matter how carefully you think a decision through, some outcomes only reveal themselves afterward. So move thoughtfully. As you make your choices as an adult, keep one eye on the consequences — good and bad — and always consider the impact your decisions will have, not just on you, but on everyone your life touches.","Remember this: whoever sows sparingly will also reap sparingly, and whoever sows generously will also reap generously.",2 Corinthians 9:6,You can do anything in this world if you’re prepared to take the consequences.,W. Somerset Maugham,f
female,37,Treating the Things You Own,"One of the clearest signs of a person who’s truly grateful for what they have is how well they take care of it. It sounds small, but it isn’t. The way you treat whatever is in your hands quietly reveals the way you see everything — as a gift to be honored, or as something disposable. And I’ll be the first to admit this is an area where I can do better too. So we’re learning this one together.

Practically, this means taking care of whatever you have — your clothes, your phone, a car, your home, your money, and most of all your body, which is the most important thing you’ll ever be trusted to care for. And here’s the heart of it: you take care of things well regardless of what they are. An old, beat-up car gets treated with just as much care as a brand-new one. Modest or fancy, big or small, new or worn out — it doesn’t matter. You care for what you have because caring for it is right, not because of what it’s worth or what it might get you.

This isn’t just my opinion — it’s a biblical principle. Again and again, Scripture teaches that the person who is faithful with a little is trusted with more, and that how we handle what we’ve been given matters deeply to God. Jesus told a whole parable about it. Being faithful in small things is how you’re shaped into someone who can be trusted with big ones.

In Christian language, this idea has a name: stewardship. It means understanding that nothing you have is ultimately yours — it’s on loan from God, entrusted to your care for a while. Your money, your job, your responsibilities, your relationships, even your children someday.

So take care of what’s in your hands — not out of vanity, and not to get more, but out of gratitude. Be a great steward of everything, big and small. It’s one of the quietest, truest ways to say “thank You” to the God who gave it all in the first place.","Whoever has will be given more, and they will have an abundance. Whoever does not have, even what they have will be taken from them.",Matthew 13:12,Property has its duties as well as its rights.,Thomas Drummond,f
female,38,Sometimes No Advice is Better,"When you are right in the middle of God’s will, you know it by the Bible, by prayer, and by those around you who are Godly and have wisdom. Stay there and keep your path.

Don’t listen to anyone else, **including me**.","I can do all things through Christ, who gives me strength.",Philippians 4:13,I know God will not give me anything I can't handle. I just wish that He didn't trust me so much.,Mother Teresa (1910 - 1997),t
female,39,"Alcohol, Drugs & Tobacco","Don’t drink and drive. I know it sounds simple, but I mean it — don’t. And don’t ride with people who have been drinking, either. I did, and it is by the sheer grace of God that I’m alive to write this. If even one of those nights had gone wrong, it would have wrecked my life and other people’s lives forever. You will get the chance to make that choice, and the risk is never worth it.

The simplest advice about alcohol, drugs, and cigarettes is to stay away, and I hope so far you have. Here’s the trap: you can’t know whether you have an addictive streak until it’s too late to undo it. Some people get hooked far faster than others, and no one thinks it’ll be them. Stay away, and you never carry that risk at all. I’ve also watched too many smart people stay trapped by cigarettes for decades because they simply can’t stop. I never wanted anything to have that kind of control over me, and I don’t want it to have control over you.

I want to say something specifically about drugs, because the world is far more dangerous now than it was when I was young. It used to be that experimenting was risky. Today it can be deadly the very first time. People are putting powerful, lethal substances into pills and powders that look completely normal — so you cannot trust that anything is what someone tells you it is. A single bad decision, or one moment of trusting the wrong person, can end everything. There is no “just once” that is worth that. Please don’t take the chance. I need you here.

One more, and it’s serious: be very careful about drinking around men. To be clear, not every man is a risk — most aren’t. But there is nothing more awful than a girl being taken advantage of because she wasn’t in control of herself, and there are men — even ones who seem nice — who will do exactly that if given the chance. Don’t hand anyone that opportunity. When you stay in control of your body and your mind, you protect yourself, and everything goes better.",Wine is a mocker and beer a brawler; whoever is led astray by them is not wise.,Proverbs 20:1,The best way to avoid a bad habit is to never begin it.,J.C. Penney,f
female,40,Embarrassment,"Almost as destructive as fear, anger, or arrogance is letting embarrassment run your life. This is an area I’ve always struggled with, and it has genuinely cost me. I won’t tell you not to feel embarrassed — that’s nearly impossible, we’re wired for it. What I’ll tell you is this: don’t let it control you or make your decisions for you.

I can remember so many times I missed out on something simply because I was embarrassed, or afraid I might be. Here’s an honest one: there were times I didn’t ask someone out because I was scared of being embarrassed if they said no. And the strange part? It wasn’t really the rejection I feared — it was other people knowing I’d been rejected. Pretty silly when I say it out loud, isn’t it? But that’s exactly how embarrassment works: it magnifies what other people think until it’s bigger than what you actually want.

You know people who don’t seem to get embarrassed by anything. Maybe, from your point of view or mine, there are a few things they should be a little embarrassed about! But look closer: they don’t let other people’s opinions dictate what they say, who their friends are, what they wear, or what they love. And quite frankly? They seem to carry so much less baggage than everyone else. There’s real freedom in that.

Here’s the truth worth remembering: the vast majority of the embarrassment we feel is completely false — a fear of judgment that mostly lives in our own heads. Most people are far too busy worrying about themselves to be thinking about you at all.

So let me ask you to sit with two questions. What actually embarrasses you? Be honest — name the things you avoid, the moments you shrink back from, the stuff you’d never want people to see. And then the more important one: should it? When you really look at each thing, is it worth the power you’ve handed it? More often than not, you’ll find the answer is no — and just seeing that can start to set you free.

There are so many amazing things you’ll get to do and experience in this life. Don’t let the fear of a little embarrassment hold you back from any of them. Feel it if you must — then go do the thing anyway. It is never worth what you’d miss.","For you have been my hope, Sovereign Lord, my confidence since my youth.",Psalm 71:5,"If you're never scared or embarrassed or hurt, it means you never take any chances.",Julia Sorel,f
female,41,My Thoughts,"You’re becoming an adult. That still amazes me. Before long we’ll do all the grown-up things together — vote, navigate the world side by side, make big decisions as two adults who love each other. (We can even split a pack of cigarettes… kidding. Please never.)

Thank you. Thank you for all these years — you don’t remember them all, but I do, every stage of them. The day you were born was one of the most special days of my entire life. I had always dreamed and hoped that someday I’d have a child, but I had no idea what an absolute miracle you would turn out to be. When you arrived, I couldn’t stop smiling, laughing, shouting, and crying all at once. You can’t fully understand that yet — but God willing, someday you’ll hold your own child and finally know exactly what I mean.

Here’s my honest confession as you grow up: I’m ready to have a child who’s becoming an adult — and at the very same time, I will always see you as my little girl. Both of those things are completely true, and they always will be. So please be patient with me as I learn to talk to you and treat you as the adult you’re becoming (who will, forever, also be my little girl). It’s a new skill for me, and I won’t get it perfect.

Because here’s what I’m most excited about: I cannot wait to have a grown-up relationship with you — two adults, still father and daughter, but able to share life on a whole new level. I truly believe it will be the best season we’ve ever had together. The little-kid years were precious. But this next part? This could be the best of all.

So let’s get started. Right now.

DO LIFE!","Children are a heritage from the Lord, offspring a reward from him.",Psalm 127:3,Making the decision to have a child is momentous. It is to decide forever to have your heart go walking around outside your body.,Elizabeth Stone,t
female,42,Fear,"Fear is one word that will imprison you if you don’t fight it, and keep fighting it, all your life. The first step is simply to be aware of when you’re afraid — to notice it, name it, and see it for what it really is. You’ve heard me say it before, and I’ll say it again: face your fears. I’m sure certain people come to mind right now when you think of someone ruled by fear. Don’t become one of them.

Fear, left unchecked, can quietly wreck a whole life. People afraid of flying never see the world. People afraid to trust never let anyone close enough to truly love them. People afraid of not having a paycheck stay in dead-end jobs for decades, slowly dying a little each day. In almost every case, the fear costs them far more than the thing they were afraid of ever could have.

Here’s something worth understanding: most fear isn’t even real. Some people call it “False Evidence Appearing Real.” The kind of fear you feel when there’s actual danger right in front of you is a gift — it protects you, and you should listen to it. But the fear that imprisons people is almost always the made-up kind: a frightening story we tell ourselves about a future that hasn’t happened and probably never will. We build it in our own minds, then live as though it’s certain. So when fear grips you, learn to ask one honest question: is this a real danger right now, or am I making this up? You’ll be amazed how often the answer sets you free.

Here’s where faith changes everything. When your security is anchored in God, fear loses most of its grip, because you know that whatever happens, you are held. You don’t have to be fearless on your own strength — you just have to trust the One who is.

And there is exactly one fear worth keeping. The Bible says, “The fear of the Lord is the beginning of wisdom.” That kind of fear isn’t terror — it’s awe, reverence, a deep respect for how big and holy God is. That fear doesn’t shrink your life; it opens it up. Fear God, and you’ll have far less reason to fear anything else.",The Lord is my light and my salvation — whom shall I fear? The Lord is the stronghold of my life — of whom shall I be afraid?,Psalms 27:1,Let me assert my firm belief that the only thing we have to fear is fear itself.,Franklin D. Roosevelt,f
female,43,Jesus is Lord and Savior,"This may be the most important chapter in this entire book, so read it slowly. The whole Christian life comes down to two words in the title — Savior and Lord — and they mean two different things.

The Savior part is a decision. It’s the moment you accept Christ, admit you can’t save yourself, and submit to Him. That’s how you’re forgiven, and that’s how you get to heaven. It’s a gift you receive, not a prize you earn — you simply say yes. If you’ve never truly made that decision, I hope with all my heart that you will. Nothing matters more.

The Lord part is harder, and it lasts a lifetime. That’s when you actually try to live your life to please Him — day by day, choice by choice. You do it out of gratitude, because once you really see it, you realize everything good in your life is a gift: your mind, your health, your family, your home, the country you were born into, the opportunities in front of you — it is all by the grace of God. You didn’t earn any of it. It was given.

He is bigger than any problem you will ever face. Let me say that again, because you’ll need it someday: He is bigger than any problem you will ever face. When you center your life on His standards, you have something solid that never moves. Center it on your own, and the ground keeps shifting under you.

So live by His standards — not out of fear or obligation, but to please the God who made you and loves you. And here’s the beautiful part: since He designed you, when you live His way, you’re finally running the way you were built to run. There’s a peace and a rightness in living as your Maker intended that you simply can’t find anywhere else.

Savior first. Then Lord, for the rest of your life. Everything else in this book is just details next to this.","Jesus answered, “I am the way and the truth and the life. No one comes to the Father except through me.”",John 14:6,A man who was merely a man and said the sort of things Jesus said would not be a great moral teacher. He would either be a lunatic — or else the Devil of Hell.,C. S. Lewis,f
female,44,Pride,"Nobody wants to be prideful — and yet every single one of us struggles with it. Pride is a strange kind of destruction, because it’s entirely self-inflicted. No outside enemy required. It’s just each of us slowly developing a warped, inflated picture of ourselves in some area of life. We start to believe, as the old saying goes, that our “pooh doesn’t stink.”

And the wreckage is real. Pride quietly costs people jobs, friendships, opportunities, even marriages. It sneaks up on you — you rarely notice it in yourself until after it’s already done the damage. That’s what makes it so dangerous: the proud person is always the last to know. The Bible says God actually hates pride, and having watched what it does to people, I understand why.

Here’s another thing worth knowing: pride is ugly. For all the effort people put into looking impressive, arrogance and pride are deeply unattractive to almost everyone around them. It repels the very people it’s trying to impress. So watch for it. Beware of it. Check yourself for it regularly, because it grows in the dark.

But I don’t want to leave you on a downer, so let me end somewhere better — with a twist on the very same word.

There’s a phrase in English: pride and joy. It doesn’t mean arrogance at all. It means someone or something cherished, valued, and loved above all others — the thing you’re most grateful for, the treasure of your life.

And that, my girl, is you.

You are my pride and joy. Not the sinful kind of pride — the good kind, the kind that means my heart swells with gratitude every time I think of you. So while you guard against pride in yourself, never forget that you are someone’s pride and joy. You always have been. You always will be.",First pride-then the crash; the bigger the ego the harder the fall,Prov 16:18,"A man's pride can be his downfall, and he needs to learn when to turn to others for support and guidance.",Bear Grylls,t
female,45,Sex and Guys,"The standard line is that “guys are only after ONE thing.” They want sex, and some will do just about anything to get you into bed. Here’s the sad truth: for a lot of guys, that really is the case — and it doesn’t necessarily matter whether he calls himself a Christian or not. If that’s his focus, nothing is going to stop him except you. And here’s the good news buried in that: you can always stop it. The power is yours, completely, every single time. Don’t ever let anyone convince you otherwise.

Some food for thought worth holding onto:

Sex is not the “next step” in a maturing relationship. It isn’t a step at all — it’s a gift reserved for marriage. If you refuse to see it as a way to get closer, or as the next “stage” of dating, then it simply won’t be on the table. Anyone who tells you it’s necessary, natural, expected, or “the next level” is lying to you — and even the nicest, sweetest, most parent-approved guy will say those things when he wants it badly enough. Don’t measure a boy by how charming he is. Measure him by whether he respects your “no.”

And understand this: sex fogs everything. Even the desire for it clouds your judgment long before anything happens. Once it enters a relationship, you stop thinking clearly — about him, about yourself, about what you actually want. Waiting keeps your head clear at the exact time you need it most.

Your purity is one of the most precious gifts you can carry into your marriage someday. You don’t need “experience” beforehand — there’s no prize for it, and no upside. You aren’t missing out on anything by refusing to play the field. I promise you: you will have a stronger, deeper marriage if you wait.

Here’s something important to hold onto: choosing to save yourself for marriage is an ongoing decision — one you’ll keep making, again and again, right up until the day you marry. It isn’t a single moment you either kept or lost forever; it’s a choice you get to make new every day. There is always grace, and always my love and support, as you navigate your life and your choices. Come to me anytime. I love you, no matter what.","Let us behave decently, as in the daytime, not in carousing and drunkenness, not in sexual immorality and debauchery, not in dissension and jealousy.",Romans 13:13,There is nothing like desire for preventing the thing one says from bearing any resemblance to what one has in one’s mind.,Marcel Proust,f
female,46,Humility,"Let me tell you about one of the most attractive, powerful, and underrated qualities a person can have: humility. The world will tell you to promote yourself, out-shine everyone, and make sure people know how great you are. I want to tell you something better.

First, let’s clear up what humility actually is, because most people get it wrong. Humility is not thinking less of yourself. It’s not putting yourself down, shrinking back, or pretending you have no gifts. Here’s the real definition, and it’s worth memorizing: humility is not thinking less of yourself — it’s thinking of yourself less. That’s the whole secret. A humble person isn’t consumed by how they’re coming across, how they measure up, or what everyone thinks of them. They’re free of all that — free to actually notice other people, to serve, to listen, to love.

Compare that to arrogance, which is the exact opposite. You know the type — the person who talks about themselves endlessly, then says, “But enough about me… what do you think of me?” Arrogant people are trapped inside themselves. And here’s the irony: arrogance is usually just insecurity wearing a costume. Truly secure people never need to look down on anyone.

Humility doesn’t mean you can’t be confident, either. You can be both at once — quietly sure of who you are, and far more interested in others than in yourself. In fact, that combination is exactly what makes someone magnetic. People are drawn to those who make them feel important, not to those who are busy being impressed with themselves.

And this is close to the heart of God. The Bible says again and again that He opposes the proud but gives grace to the humble. Jesus Himself — with every right to boast — chose to serve, to kneel, to wash feet. If that’s how the King of everything carried Himself, it’s a pretty good model for us.

So think of yourself less. Lift others up. Stay humble. You’ll be happier, you’ll be loved, and you’ll look far more like Jesus.","God can’t stomach arrogance or pretense; believe me, he’ll put those upstarts in their place.",Proverbs 16:5,"By my count, more business leaders have failed and derailed because of arrogance than any other character flaw.",Harvey Mackay,f
female,47,Love Language,"Tell people, show people, and remind people that you love them. It’s one of the simplest and most powerful things you’ll ever do, and most people don’t do nearly enough of it.

First, tell them — out loud, in actual words. Tell the people you love that you love them: your family, your closest friends, and someday your husband. Don’t assume they just know. Make sure everyone in your family hears it from you regularly. Tell your parents you love them, all the time. Words are free, they take two seconds, and they can carry someone through a hard day.

But telling isn’t the whole picture, because people receive love in different ways. A counselor named Gary Chapman wrote a wonderful book explaining that there are five “love languages” — five different ways people most feel loved:

**Words of Affirmation** — hearing kind, encouraging, specific words.

**Gifts** — receiving something thoughtful, a sign they were thought of.

**Quality Time** — someone giving them their full, undistracted attention.

**Acts of Service** — someone doing something helpful for them.

**Physical Touch** — a hug, a hand on the shoulder (and someday, with your husband, the closeness of marriage).

Here’s the key: everyone has a primary love language, and some people have two. The trick is that we tend to give love in our own language, when the person in front of us might need it in a completely different one. You might feel most loved by quality time, while your friend feels it through words, and your future spouse through acts of service. So pay attention. Learn the love languages of the people closest to you — and then love them their way, not just yours.

Do that, and you’ll love people in a way they can actually feel. It’s one of the great secrets to every close relationship you’ll ever have.

P.S. — You can tell me you love me too!",Better is open rebuke than hidden love.,Proverbs 27:5,Love conquers all things; let us too surrender to love.,Virgil,f
female,48,Manipulation,"I know the verse and quote for this one are a little heavy — but this is an area I truly believe you, and honestly everyone, needs to watch out for. It’s manipulation.

Here’s the uncomfortable truth: most of us are surprisingly good at it, myself included. Somewhere along the way — probably over many years and many times when it worked — we learn to manipulate to get our way. It takes a hundred quiet forms: not telling the whole story, adding details that aren’t quite true, carefully timing when and how you share information, steering a conversation — all with the goal of getting what you want, keeping what you have, or dodging what you don’t want to face. The reason it’s so dangerous is precisely that it often works.

But here’s what it costs, and the price is steep: manipulation quietly destroys trust with the very people who love you most. They end up feeling used and misled, even if they can’t put their finger on why. And trust is everything. Think of it like a bank account — every honest, straightforward interaction adds to it, and every manipulation quietly withdraws from it. Empty that account, and the relationship is in real trouble.

As a kid, the consequences for manipulating were small — losing your phone, your screen time, a sleepover — handed down by people who love you unconditionally no matter what. But in the adult world, the stakes climb fast: lost jobs, lost relationships, lost people you hold dear. And there’s something bigger now, too. As an adult, you’re building a reputation and a witness that the whole world can see. Guard it.

So here’s my strange advice: make it your goal to be bad at manipulation. Stop practicing it. Get worse at it, on purpose. Choose to be the kind of person who just says what’s true, asks for what they want plainly, and lets the honest chips fall where they may. The sooner you start, the freer you’ll be.",...know for sure that you will be punished for your sin.,Numbers 32:23,"All sin tends to be addictive, and the terminal point of addiction is what is called damnation",W.H. Auden,f
female,49,Work to Live,"Work to live — don’t live to work. It’s a simple idea, but almost nobody actually lives it, and getting it right early will shape your entire life for the better. So let me press on it a little.

I have met far too many successful, hard-working men and women who, somewhere deep down, deeply regret how much of their lives they poured into their jobs. They climbed, they achieved, they earned — and then they looked up one day and realized the years were gone, the kids were grown, and the moments they can never get back were spent at a desk instead of at home. Almost no one, at the end of their life, wishes they’d worked more. But an awful lot of them wish they’d been more present — for the people they loved, and for the life right in front of them.

Work is good and necessary. God designed us to work, and there’s real dignity and joy in doing something well. But work is a means, not the point. It’s meant to provide for your life, not to become your life. The paycheck is there to fund the things that actually matter — your faith, your family, your friendships, your health, your rest. The moment it flips, and life starts serving the job instead of the job serving life, something precious quietly slips away.

So decide now what kind of life you want to build, and make sure your work stays in its proper place inside it. Make sure the person you marry shares this too — it’s very hard to live this way alone. And someday, teach it to your own kids, not just with words, but by actually being there for them.

Work hard when you work. Then close the laptop, go home, and live. The job will still be there tomorrow. The people you love — and the moments with them — won’t wait forever.","For a person may labor with wisdom, knowledge and skill, and then they must leave all they own to another who has not toiled for it. This too is meaningless.",Ecclesiastes 2:21,Perpetual devotion to what a man calls his business is only to be sustained by perpetual neglect of many other things.,Robert Louis Stevenson,f
female,50,The Gift of Being Bored,"Here’s something your generation almost never gets to experience, and it worries me a little: boredom. And the reason is simple — the phone. The moment there’s an empty second, it’s right there in your pocket, ready to fill it with a scroll, a video, a game, a feed that never, ever ends. You never have to be bored again. That sounds like a good thing. It isn’t.

I want to tell you why boredom is actually one of the most underrated gifts in life. When I was young, we didn’t have a screen to escape into, so boredom was just part of things. You’d finish everything you had to do, and then… nothing. Empty time, stretching out in front of you. And here’s what I’ve come to realize: that empty time was a gift, even though it never felt like one — because boredom is where the good stuff quietly begins.

Think about what boredom pushes you toward. Bored, you might finally pick up that book. You might learn something new just because you wondered about it. You might create something — draw, build, write, play. You might take the nap your body was quietly begging for. You might notice someone who could use a hand, and go help them. You might have a long, wandering conversation that becomes one of your favorite memories. Almost every good and creative thing I’ve ever done started in a moment when I had nothing to do.

But a phone fills that space before it can ever do its work. You end up entertained every second and creative almost none. Comfortable every moment, and stretched almost never.

So here’s my genuine encouragement, and I know it sounds backwards: put the phone down and let yourself be bored. Don’t rush to fill every quiet moment. When boredom shows up, treat it as an open door. Take the nap. Learn the thing. Help the person. Make something. Or just sit, think, and be still — the Bible says, “Be still, and know that I am God.” Some of the best moments of your life will grow out of the empty ones, if you’ll only let them.","Be still, and know that I am God.",Psalm 46:10,All of humanity’s problems stem from man’s inability to sit quietly in a room alone.,Blaise Pascal,f
female,51,Being An Adult,"Congratulations! You are, once again, the youngest — the youngest kind of adult there is. Just when you’d finally made it to the top of childhood, here you are, right back at the beginning of something brand new. And I could not be more proud of you. You have your entire life ahead of you now, to live.

So live it well, and live it as it’s meant to be lived, because it’s the only one you’ll ever have on this earth. One of the ways you prepare for eternity is by living a full life here. I hope one or two of the things I’ve told you in these pages will be of real value to you now. Take the very best and worst of everyone around you, mix it with the very best and worst of yourself over all these years, hold it all up against the Bible for a truth test — and then GO FOR IT.

You have such flexibility and such wide-open opportunity ahead of you. I once saw a license plate that said: “If you’re living as if there is no God… you’d better be right.” That’s true — but I think it’s even better the other way around: if you live as though there is a God, you’re right, so enjoy everything He’s given you. And He’s given you so much already. You are blessed — you really are.

So don’t be afraid to make a mistake. Don’t be fearful. You are loved, cherished, prayed for, appreciated, and accepted exactly as you are. My love for you is unconditional — it always has been and always will be. You did enough to earn all of my heart the very day you were born. You are precious, unique, special, significant, valuable, and wanted. I am endlessly impressed by you — your talent, your creativity, your humor, your confidence, your intelligence. I’ve said it before: you are perfectly imperfect.

The only real problem is that it means I now have a grown child — and I’m quite sure I’m far too young for that! You have given me an unbelievable run of years. They haven’t all been perfect, but through every one of them, I have felt incredibly, indescribably proud to be yours.","Don’t stop listening to correction my child, Or you will forget what you have already learned.",Proverbs 19:27,"The future...something which everyone reaches at The rate of sixty minutes and hour, whatever he does, whoever he is.",C.S. Lewis,f
female,52,Praying,"There’s really only one subject left that I need to share with you. It isn’t the 52nd most important thing — it’s just the last one, and in many ways it holds all the others together. I want to tell you how important it is to pray about everything you do.

I genuinely believe we all need what I call “prayer cover” — people praying for us, and us praying for others and for ourselves. It’s one of the most powerful and most overlooked things in the world. Since before you were even born, I have prayed for you without stopping. I believe with all my heart that it has made a difference, and I want to encourage you to bring absolutely everything to God — your challenges, your fears, your hopes, your wildest dreams.

Here’s the truth about the life ahead of you: it is exciting and wonderful, and it is also, at times, very hard. You cannot do it on your own — and the good news is that you were never meant to. Recognize your place in things: it is by the grace of God that you exist and breathe at all. So talk to Him. Ask Him for what you need. It’s easy to ask, because He is more than worth the asking, and He loves you more than even I do — which is saying something.

I have loved sharing all of these thoughts with you across these pages. And now I’ll ask you for one thing in return: please pray for me, too. I mean it — I need it. It matters more to me than any birthday card you could send or any phone call on a holiday. Just talk to God, and mention me sometimes.

Thank you for these years — every single one of them has been a gift. And God willing, we have so many more still ahead. Until then, and always: pray. It’s the last thing I’ll tell you, because it’s the thing that carries you through everything else.",Lord hear my prayer; listen to my cry for mercy. Answer me because you are loyal and good.,Psalm 143:1,One single grateful thought raised to heaven is the most perfect prayer.,G. E. Lessing,f
male,1,Don't Compare Yourself to Others,"You would figure that the “competition, comparisons, measuring up, cliques, groups, etc.” would be gone once you leave school and step into adult life. You would think the social pressures, and the wondering about what everyone else thinks and does, would finally go away.

It doesn’t.

I have seen far too many people well into adult life who are still comparing themselves to everyone else. They are still trying to keep up with the rich neighbor, the smart relative, the famous schoolmate, or the popular coworker. It is a waste of time and not worth the effort. You can’t win, but you can lose.

The years growing up are rampant with people comparing where they are, where they are headed next, and what they have accomplished. There is always someone who did better than we did, and someone who did worse. The problem is that not everyone started in the same place — and we know for a fact that these years are NOT the finish line.

We have each been given things we can control and things we can’t. You can’t control the fact that you are bright, smart, handsome (I’m allowed to say that!), and funny, any more than you can control the house or the country you were born into. But you can control how you respond to conflict, hardship, and success — and how you stay committed to God, family, friends, and even enemies.

Expect the best from yourself no matter what your circumstances. Don’t compare your success or failure to others. Measure your ""place"" against your own dreams and goals, and against what God wants for your life.","A sound heart is life to the body, but envy is rottenness to the bones.",Proverbs 14:30,The truest mark of being born with great qualities is being born without envy.,Francois De La Rochefoucauld (1613 - 1680),t
male,2,Seeking Advice from Others,"They say in business that free advice isn’t worth anything. I disagree. Seeking advice to help you make decisions is critical to your success as an adult — and even now. Finding people who have experience you can draw on to make decisions about your life is really valuable. That advice can steer you in the right direction and help you live the life you were meant to live. The formula I use is simple: take in all advice and measure it three ways.

First, does it match up to the Bible? It is the one place I can always trust. Then I pray about it. Why not get the answer straight from the top? What is cool is that even people who aren’t Christians or Jews live by the truth that is in the Bible. Most don’t even know they are following it.

Second, does the person I am seeking advice from have my best interest in mind? (Note: I first seek advice from people who are close to God. Whenever I am seeking real advice, I always look at what their relationship is like with Jesus at that time. Usually I will ask, “How is your walk these days?” From there I can measure the advice.) Do they like me and care for me? People who love you are a great place to get input. Despite my shortcomings at times, that is why you should always ask me for advice — whether you use it or not.

Third, does this person have a personal interest in the question? If so, then I have to be very careful with their advice. This is especially true in relationships. Seeking dating advice from — or listening to — a buddy, for example, who likes the same girl you do would be a bad place to get advice.

I am your biggest fan, and I will ALWAYS give you an answer that is in your best interest — even if you don’t like it.",“Every word of God is flawless; he is a shield to those who take refuge in him.”,Proverbs 30:5,Successful people follow the same advice they prescribe for others.,Author Unknown,f
male,3,Character,"It’s hard not to be a hypocrite. Everyone ends up being one occasionally. For the most part, we start acting like someone we’re not, or trying to be something we aren’t. We say one thing and do another. We try to impress our friends, hide things from our parents, go along with the crowd, and even show off. Sometimes our bad behavior doesn’t look so bad simply because we’re around people whose behavior is worse. Our own odor, while awful, doesn’t seem to “smell” so bad when those around us are much worse!

But the secret to character — and the true measure of any hypocrite — is how you act when you are alone. You can tell who you truly are when you are by yourself and no one else can see you: when it is just God and you. How you behave in those private moments speaks volumes. Are you honest? Do you hold yourself accountable? Are you the same person alone as you are in front of others? If someone were watching, would you be proud of what you did?

Here’s the thing about character: it isn’t built in the big, dramatic moments. It’s built in the small ones, over and over — the times you tell the truth when a lie would be easier, the times you do the right thing when no one would ever know the difference. Every one of those small choices is a brick, and over the years they build the person you become.

The good news is that it works in your favor. If you practice being honest and good when you’re alone, being honest and good in front of others becomes almost automatic. You won’t have to remember which version of yourself to be, because there will only be one you — the same person, everywhere, all the time. That is what integrity really means: being whole, undivided, the same on the inside as the outside.

And if you are ever looking for someone’s character to emulate — Jesus would be a great choice.

Be a person of character first when you are by yourself. Then, when you’re around other people, it will be much easier — because you’ll already know exactly who you are.",Give him credit for all he does. He deserves the respect of everyone.,Proverbs 31:31,"Be more concerned with your character than your reputation, because your character is what you really are; your reputation is merely what others think you are.",John Wooden - Hall of Fame Basketball Coach,f
male,4,Forgiveness,"There is probably no stronger attribute a person can have than the ability to forgive and to ask for forgiveness. In many instances it is a very small action on your part, but it has a huge impact on the people you love — and even on those you don’t. The inability to forgive is much harder on you than it will ever be on the other person. When you don’t forgive, you give up control of your peace, your joy, and sometimes your sanity to either the other person or the thing that happened. That is too hard, and way too much to give away.

The most challenging forgiveness for me is forgiving myself. How about you? I do really well when it comes to other people. It is almost easy for me to see the best in them. When you see the best in others — their challenges and their struggles — the things they do to you become much easier to forgive. But it doesn’t always work that way for me. The single hardest thing for me to do is forgive myself. What is crazy is that Christ died on the cross so we could be forgiven. If we don’t forgive others, including ourselves, then what He did was wasted. Even with all that knowledge and comfort, I still struggle in that area.

How are you at forgiving others? Are there things and people you need to forgive? What about yourself? Do you need to ask for forgiveness anywhere? Are you clean there as well? I hope so. I love you too much to have you burdened when the ability to forgive and be forgiven is right there in front of you.

<mark>Just to make sure you are reading these, if you say the word “forgiveness” and give me a high five, I will give you ten dollars.</mark>","For if you forgive men when they sin against you, your heavenly Father will also forgive you.",Matthew 6:14,"Anger makes you smaller, while forgiveness forces you to grow beyond what you were.",Cherie Carter-Scott,f
male,5,Minimum Requirement,"There are several chapters in here about women and girls — and honestly, who better to walk you through this than someone who’s been a man his whole life and made plenty of the mistakes? These next ones lay out the minimum requirements for how you treat both the girls you date and, someday, the woman you marry.

Minimum requirement number one: treat her like a queen.

I cannot overstate how important this is. When you date someone, you treat her like royalty — all the basics and then some. Open her door. Pull out her chair. Tell her she looks beautiful. Pay for the meal. Show up, follow through, put her first. This is simply the way to treat a woman. There is no cool “style” that says you play it aloof, keep her guessing, or act standoffish to seem more desirable. All that actually does is make you look selfish, self-absorbed, and focused on yourself. It might work in the movies. It does not work in real life.

Treating her “like a queen” means she is precious, special, respected, cared for, protected when it matters, and — most important of all — she belongs to God and should be treated accordingly. It isn’t hard to do once you decide to, and here’s the thing: she’ll recognize it immediately. So will everyone around her.

I understand the temptation of “playing hard to get.” Set it aside. It doesn’t work with any woman who has real confidence and self-respect — and those are exactly the women worth pursuing. Besides, women talk to each other. Your reputation, good or bad, travels faster than you think.

So here’s the irony worth remembering: if you actually want to have the chance to date great women, the secret isn’t playing games or acting cool. It’s the opposite. Treat every woman like a queen, and you’ll never have to play a game again.","Husbands, love your wives, just as Christ also loved the church and gave Himself up for her.",Ephesians 5:25,A gentleman is one who never hurts anyone’s feelings unintentionally.,Oscar Wilde,t
male,6,A Man She can Respect,"Now that you’re becoming a man, I still feel like I fall short of telling you everything you need to know about women. Quite frankly, I’m not sure I’ve done a great job of it — partly because these conversations always feel more awkward than they need to be, and partly, honestly, because I’m not certain how much I really know myself. But here’s my best shot.

I once read a great book called Love and Respect. Its core idea stuck with me: women most want to feel loved, and men most want to feel respected. So here’s my first piece of advice — if you want to be respected by a woman, become a man who genuinely deserves respect. Respect isn’t demanded or assumed; it’s earned, every day, by how you treat her and how you treat everyone else. Becoming a man a woman can respect is one of the very first steps to having a great relationship with one.

So what does a man of respect actually look like? He fears God. He treats everyone with respect, not just the people who can do something for him. He pulls his own weight. He serves others. He’s willing to stand up and fight for those who can’t fight for themselves. He’s generous, honest, and above reproach in what he does. He treats his mother with kindness and love. That’s the foundation — long before any girlfriend enters the picture.

And toward the woman in your life specifically, it means this: care for her, treat her like a queen, protect her, look out for her, serve her, and encourage her. In a marriage, that includes providing for her and your children. In dating, it’s the everyday things — open the door, give thoughtful gifts, speak to her kindly (and listen — usually a lot of listening), speak highly of her to your friends, and treat her family with respect.

Yes, it’s a lot of work. But a woman worth having is worth every bit of it — and becoming that kind of man is worth it even more.","He was full of loving kindness, and we have all received so much kindness from him.",John 1:16,"This above all: to thine own self be true, And it must follow, as the night the day, Thou canst not then be false to any man.",William Shakespeare,f
male,7,Lying,"You’ve probably read a thousand messages on this subject already, so I’ll keep mine simple.

First: tell the truth, if for no other reason than it’s the easiest thing to remember. Lies require upkeep. The truth just sits there, always the same, waiting for you whenever you need it. A liar needs a good memory; an honest person needs none.

Second, a subtle one: not saying something isn’t the same as lying. One of my favorite movie lines is “You can’t handle the truth!” — and the fact is, sometimes people can’t, and sometimes they don’t need to. If a hard truth won’t help, heal, or lovingly correct someone, you’re not required to say it just because it’s true. Choosing to stay quiet, or to be gentle, isn’t dishonesty — it’s kindness. There’s a big difference between lying and simply not volunteering every blunt opinion you have.

Third, and this is the big one: don’t lie to yourself. This is the lie that does the most damage, because you’re the one person you can never get away from. The recovery programs for drinking and drugs have a step about getting out of “denial” — which is just a fancy word for the lies we tell ourselves. Self-deception always gets worse with time, never better. The truth you avoid today will cost you more tomorrow.

And be sharp about what you take in. We live in a world absolutely flooded with untruth — fake stories, doctored images, confident voices online saying things that simply aren’t so. More than any generation before you, you’ll have to work to find what’s real. Don’t be lazy about it. Just because you read it or heard it or saw it doesn’t make it true. Weigh everything against what you know to be right, and against God’s Word, which never changes.

And stay humble. I once read a prayer in a book that stuck with me: “Lord, help me to forgive, and to accept, those who sin differently than I do.” Hold honesty as sacred — it matters more than ever — but be gracious toward others, because you have your own failings too. Guard the truth, tell the truth, and love the people who are still learning how.","To fear the Lord is to hate evil; I hate pride and arrogance, evil behavior and perverse speech.",Proverbs 8:13,A liar needs a good memory.,Quintilian,f
male,8,I am Proud of You,"I am so proud of you, in more ways than I could ever list. It has been one of the great joys of my life to watch you grow up — and I’m looking forward to being even prouder of the man you’re becoming. It’s going to be a genuine privilege to watch you step into adulthood.

I know it sounds corny, but you have such potential to be a godly man who actually changes the world. You are talented, gifted, and — this matters coming from me — I truly respect you. That’s not a small word, and I don’t say it lightly.

I know you’re a man now, so please be patient with me on one thing: a part of me will always see the little boy you once were. That little kid is still in there to me, and always will be. It’s not a lack of respect — it’s just what love does. It holds every version of you at once.

You won’t fully understand how much I love you until you have your own children someday. Then, all at once, you’ll get it — and you’ll think back on this page and finally know exactly what I meant.

This book is supposed to be 52 things you need to know. This one is the simplest of them all:

I love you — VERY, VERY much.",My command is this: love each other as I have loved you.,John 15:12,To love is to receive a glimpse of heaven.,Karen Sunde,t
male,9,Healthy Eating,"“You are what you eat.” It’s a corny saying, but it really is true. Sadly, there are a ton of bad food choices available all day long, and it seems like the more stress and time pressure we’re under, the worse we tend to eat. Learning to eat well is a genuinely valuable life skill. An understanding of nutrition and health will benefit you for your whole life.

Please forgive the analogy, but your body is a lot like a car. If you put the right fuel in it, take care of it, and treat it the way the “manual” says, it will perform great. If you neglect the engine and only worry about how it looks on the outside, you’ll eventually run into trouble. The big difference is this: with a car, you can always get a new one. Your body is the only one you’ll ever have.

Remember that it all works together — eating well, moving your body, and getting enough sleep all add up to a healthy body you can use to chase every one of your dreams and goals. This isn’t about being a certain size. It’s about being strong and well enough to live the life God has for you.

One honest and important thing: a lot of people — of every age — quietly struggle in this area. Some start to see themselves in the mirror very differently than they actually are, and that can lead to deep pain, and sometimes to eating disorders. If you ever feel confused, anxious, or at war with food or your own body, please don’t carry it by yourself. Come talk to me, or to someone who loves you. There is no shame in struggling, and there is real help. You are never a burden for needing it.

Take care of the body God gave you, treat it with respect, and use it to live a full and joyful life. It’s the only place you get to live — make it a good home.","Do you not know that your body is a temple of the Holy Spirit, who is in you, whom you have received from God? You are not your own.",1 Corinthians 6:19,Take care of your body. It’s the only place you have to live.,Jim Rohn,f
male,10,Money,"One of the most valuable things a man I worked for ever taught me came in the form of a hard question. One day he looked at me and said, “Why do you choose to be poor?” I didn’t have a good answer, so I told him I didn’t choose to be poor. He said that based on how hard I worked and the job I was doing, I was, in fact, choosing it.

That felt harsh at the time — and honestly, it’s not the whole truth. Not everyone works for money, and money is far from the only thing that matters. Being poor in money doesn’t make you poor in spirit, poor in friends, or poor in the things that actually count. But buried in his blunt question was something real: for many of us, how much we earn really is more of a choice than we like to admit.

Here’s what I’ve learned since. Plenty of people far less clever than me make much more money than I do. And plenty of people far smarter than me make much less. Making money, in a lot of cases, is a decision — about effort, focus, and the value you choose to create. I came to see it as one useful way of keeping score. Not the only way, and definitely not the most important way — but one honest measure of how well you’re doing what you set out to do.

Now here’s the balance, and it matters: money is a wonderful tool and a terrible master. The Bible doesn’t say money is evil — it says the love of money is. Chase it as your scoreboard for life and you’ll never have enough; no amount satisfies that hunger. But earn it honestly, hold it loosely, use it to bless people, and it becomes a genuine gift.

One more principle I lived by: when I left a company, it would be in a sea of red ink or black ink — but never in handcuffs. Earn it, but always keep your integrity worth more than the money.",Whoever loves money never has enough; whoever loves wealth is never satisfied with their income. This too is meaningless.,Ecclesiastes 5:10,Lack of money is no real obstacle; lack of an idea is an obstacle.,Ken Hakuta,f
male,11,Communication with Women,"Here’s something essential to understand: women want to communicate. They connect through it. A woman shares her feelings, and she feels close to you when you share yours in return. The movies love the “strong and silent type,” but that’s a fantasy — in a real relationship, silence isn’t strength, it’s a wall. (Being calm and steady on the outside is great. Being closed-off on the inside is not.)

Every relationship you’ll ever have is built on how often and how deeply you communicate. Here’s the challenge for a lot of guys: you might be a perfectly good communicator when you feel like it — but real relationships need you to open up even when you don’t. You can’t truly meet women, date well, or build something lasting while keeping the door to your inner world shut. So I want to encourage you to work on this, starting now.

And you can practice it before there’s ever a girlfriend in the picture. Open up now — practice on your family. Say the deeper thing to a parent, a sibling, a close friend… and yes, even me! Share what you’re actually feeling instead of the safe surface version. It’s a muscle, and it gets stronger the more you use it.

One more piece, and it matters: when you communicate, make a real effort to lift people up. Everyone loves to hear something genuine and kind about themselves. Become a man who notices the best in people, who sees the glass half full, who leaves others feeling better than he found them. That’s simply a better way to move through the world.

And here’s the good news: it will also get you more dates — and, more importantly, more second dates. A man who truly listens and lifts people up is rare, and women notice it instantly. Open up, speak kindly, and watch what happens.","My lips will not speak wickedness, and my tongue will utter no deceit.",Job 27:4,"Love is a promise, love is a souvenir, once given never forgotten, never let it disappear.",John Lennon,t
male,12,The Perfect College Day,"There are 24 hours in a day. Here is what every successful college student figures out — ideally before they ever set foot on campus:

**A Perfect College Day:**
Sleep — 8 hours
School — 3 hours
Eating — 3 hours
Studying — 3 hours
Everything else — 7 hours
Total — 24 hours

If you can figure this out early enough, college will be a genuinely successful experience. You’re given 24 hours every day, and if you can discipline yourself to get enough sleep and study a little every single day, you will do amazingly well. Managing your time is one of the biggest keys to college — bigger than raw intelligence, honestly. Plenty of brilliant people flunk out because no one is making them go to bed or do their work anymore.

Look at that schedule again: even after sleep, class, meals, and studying, you still have seven hours left over every day to have fun, work, join things, and hang out. That’s an enormous amount of freedom. The trick is that the freedom is exactly what makes it hard.

The jump from high school to college is honestly a little alarming. Nobody wakes you up. Nobody checks your homework. Your ability to stay focused in an environment of total freedom is the real adjustment — and it’s where a lot of people stumble. I made sure I went to the library to study, because every time I tried to study in my dorm room I got distracted by everything and everyone. Find your own version of the library — a place where your brain knows it’s time to work.

Study a little every day, protect your sleep, and use your freedom wisely. Do that, and you’ll be amazed how well the rest of college falls into place — including all the fun in those seven hours.",There is an appointed time for everything. And there is a time for every event under heaven.,Ecclesiastes 3:1,Half our life is spent trying to find something to do with the time we have rushed through life trying to save.,Will Rogers (1879 - 1935),f
male,13,Pornography,"I’m not usually one to call things out as being from Satan — but this is one of them. Pornography is like a disease. There may be addictions that kill you faster, but this one is a slow, quiet, painful death. It is a massive addiction in this country, especially for men, and I promise you: if you haven’t figured it out already, you can be pulled in by it. I’ve watched too many good men get caught.

I know this because it can pull me in. I’d rather you hear this from me than learn it the hard way: there have been times I went places online I had no business going. When I slip, I can practically hear the drumbeat — “click one more page, see what’s there, go a little farther.” I wish I could tell you it doesn’t affect me. It does. Like most men, I have to consciously decide to stay away from it. That’s the truth.

For a lot of guys it feels natural — just a “guy thing” to want to look. But it’s degrading to women, and it quietly rewires your brain, filling it with false images and impossible expectations. Here’s the real tragedy: it takes something God made good — real intimacy with your wife — and trades it for something fake that you only watch. <review>It drives men to satisfy themselves with fake, unreal women instead of building a real and godly relationship and actually living life.</review>

And it never stays put. There’s a very short distance between “barely bad” and genuinely sick. It’s an addiction, and addictions only grow.

The only real solution is to keep it out from the very start. Once you let it in, real women get diminished in your eyes — they can never be “perfect enough” — and you find yourself drawn to people and pictures that aren’t even real.

Pornography has no place in your life or your relationships, married or otherwise. Guard your eyes and your mind from the beginning. It is one of the great battles of your generation — take it seriously, and don’t fight it alone.",God wants you to be holy and to stay away from sexual sins.,1 Thessalonians 4:3,All sins are attempts to fill voids.,Simone Weil,f
male,14,Leadership,"It’s hard to teach someone to “give it their best.” That’s especially true in school. Some people never really try, and then feel bitter about the colleges, jobs, and choices they end up with — even though, deep down, they know they didn’t give it their all. You probably know people who are frustrated they can’t get into the school they wanted, yet never actually worked very hard for it. Here’s the truth: your effort counts. Your drive to do well in school can pay off, and it will.

But drive is bigger than grades. Once you know how to work hard — once you’ve felt what happens when you truly pour yourself into something — you’re holding one of the most valuable tools a person can have. The real question becomes: what will you do with it?

Can you apply that same drive to your relationships? To the people and causes you serve? Can you use it to teach others things you’ve already figured out? That’s what leadership actually is — it isn’t a title or a position. It’s taking the effort and ability God gave you and using it to lift other people up.

So let me ask you some real questions. Can you individually change the world? Can you make a difference for Jesus right here on earth? Can you influence a generation, a country, a town, a family — or even just one single person who crosses your path?

The answer is yes.

Not “maybe.” Not “someday, if things go well.” Yes — right now, as you are. God doesn’t hand that kind of drive to someone by accident. He gave it to you on purpose, for a purpose. So work hard, lead by serving others, and go be the answer. The world needs exactly what God put in you.","Commit to the Lord whatever you do, and he will establish your plans.",Proverbs 28:16,The person who knows “how” will always have a job. The person who knows “why” will always be his boss.,Walter Lippmann,t
male,15,Words,"For some reason, the older you get, the more your words matter. As a kid, you get a lot of leeway in what you say. Sometimes being young lets you “get away” with comments that get brushed off as just something a kid would say. But as you grow up, those same words don’t get passed over so easily — and more importantly, the responsibility for what you say changes. As an adult, you’re accountable not just for your actions, but for your words. A complaint, a criticism, a careless opinion — it all carries more weight than it used to.

Words are powerful in a way that’s easy to forget, because they feel free and temporary. But they’re not. A kind word can lift someone for a whole day. A cruel one can stick with a person for years — sometimes for life. You probably remember something hurtful someone said to you long ago, word for word, even if they forgot it the moment it left their mouth. That’s how much weight words carry.

So I encourage you to start now — measure your words before you speak them, especially with the people you love most. The people closest to you are the easiest to wound, precisely because they’ve let you in. Your words to me can hurt, and mine to you can too. Be aware of what you’re saying and why you’re saying it.

So many people hurt others, or get hurt themselves, over unkind and flippant words that a little extra care and maturity could have avoided completely. Choose your words like they matter — because they do. And when you get it wrong (you will, we all do), be quick to ask forgiveness. Few things repair a relationship faster than a sincere “I was wrong. Please forgive me.”","A soft answer turns away wrath, but a harsh word stirs up anger.",Proverbs 15:1,The difference between the almost right word and the right word is really a large matter—’tis the difference between the lightning-bug and the lightning.,Mark Twain,f
male,16,Gossip,"I’ve experienced the damage gossip does, and I’m sure you have too. It’s corrosive — it hurts the person being talked about, it hurts the person listening, and in the end it hurts the person doing the talking most of all. Nobody comes out of gossip better than they went in.

One of my friends once described three classes of people to me — and he wasn’t talking about money:

**Lowest:** people who talk about other people.
**Middle:** people who talk about themselves.
**Highest:** people who talk about ideas and vision.

It’s a simple test, and it’s stuck with me for years. Listen to what someone spends their conversation on, and you’ll learn almost everything you need to know about them. And every so often, turn that same test on yourself — what do you mostly talk about?

Here’s what I’ve come to understand about why people gossip: usually it’s because they need someone to compare themselves to. Tearing another person down, even just in words, makes their own problems feel a little smaller for a moment. Someone else’s misery becomes a strange kind of comfort. But it’s a cheap comfort that never lasts, and it quietly makes the gossip a smaller person every time.

This is one of those areas where I’ll tell you one thing and then sometimes fail at it myself. I don’t gossip much — mostly because I don’t go looking for it — but when a juicy piece of information lands in my lap, it can be genuinely hard not to pass it along. That’s still gossip, even when it’s true, and I have to catch myself. You’ll be tempted too. We all are.

So here’s the goal: be someone people can trust with their name when they’re not in the room. Don’t be a gossip. Talk about ideas, dream about the future, and when it comes to other people — build them up, or say nothing at all.","They also learn to be idle, going about from house to house, and not only idle but gossips and busybodies, saying things they ought not to.",1 Timothy 5:13,No one gossips about other people’s secret virtues.,Bertrand Russell,f
male,17,"""Old"" Friends","Friends are one of the biggest forces in your life. They can shape who you become and what you do more than almost anything else. You’ve heard all the warnings — “if you hang around with trash, you’ll start to smell like it,” and they’re true. Choose your close friends carefully, because you slowly become the people you spend the most time with.

But here I want to talk about a specific, wonderful kind of friend: the old one. I’m deeply partial to my childhood friends, simply because I’ve known them so long. The funny thing is, I don’t have much in common with most of them anymore — different states, different jobs, different lives. What we share is our history. And that turns out to be one of the richest things two people can share.

When we get together, it’s mostly to talk about old times — to laugh about the dumb things we did, said, and believed back when we knew nothing. I treasure those memories, and I love the people who hold them with me. There’s a comfort in being around someone who knew you before — before the job, before the responsibilities, before you had it all figured out (or pretended to).

So stay close to your old friends if you can, even if you rarely see them. You don’t have to talk every week. You don’t even have to have much in common anymore. Some twenty or thirty years from now, you may still be in touch with a few of them, or you may not — but when you do reconnect, you’ll pick right back up, and for that little while, you’ll be close friends again like no time passed at all.

Make good friends now. And then, whatever else changes, keep them.","A friend loves at all times, and a brother is born for a time of adversity.",Proverbs 17:17,In prosperity our friends know us; in adversity we know our friends.,Churton Collins,t
male,18,Danger,"I once heard a San Diego police officer share a piece of advice that has stuck with me ever since, and I want to pass it on to you because it could genuinely save your life. Here’s the principle: the first place is always better than the second.

What he meant was this — if someone ever tries to hurt you or take you somewhere, run immediately, right where you are. Because if a person is willing to harm you in public, they intend to do far worse in private. The “second place” they want to move you to is always more dangerous than the first. He gave example after example of people who were talked into going somewhere else and ended up badly hurt. Never, ever let someone move you to a second location. Make your stand — or your escape — right where you are.

Then he got specific, and I want you to remember these:

If someone gets into your car — say, in a mall parking lot — crash it right there, immediately. Don’t drive anywhere. The officer said this holds true even if you have your kids in the car and someone puts a gun to them — you still crash it right there. His reasoning was hard but sound: if they’re crazy enough to threaten you or your children in a public parking lot, they will do far worse once they get you somewhere private.

If someone demands your money, throw it one direction and run the other. If they only wanted the money, you’re fine. If they wanted you, you’ve got a head start.

If you’re in a restaurant or store and someone comes in to rob it, get up and leave right then — don’t wait to see how it unfolds.

Even if someone is standing a few feet away with a weapon, run. He told us most people miss, and the vast majority won’t even fire in public.

Have a plan. Talk through with your friends where and when you’d run. I know it sounds a little dramatic — but he swore it saves lives, and I believe him. Trust your instincts, move fast, and always choose the first place over the second.",The name of the Lord is a strong tower; the righteous run to it and are safe.,Proverbs 18:10,"Out of this nettle, danger, we pluck this flower, safety.",William Shakespeare,f
male,19,Confidence,"Confidence is one of the most attractive and useful qualities a person can have — and one of the most misunderstood. A lot of people think confidence is something you’re just born with, like eye color. It isn’t. Real confidence is built, and I want you to know how, because it’s one of the great secrets to doing well in life.

Here’s the truth almost nobody tells you: confidence comes from preparation. It comes from doing the work, putting in the reps, practicing the thing over and over until it’s second nature. The reason a musician isn’t nervous on stage is that she’s played the piece a thousand times. The reason a student walks calmly into a test is that he studied. Confidence isn’t a feeling you conjure out of thin air — it’s the natural result of being genuinely ready. When you’ve done the work, the nerves quiet down, because deep down you know you’re prepared. So any time you want to feel more confident about something, the answer is almost always the same: prepare more. Do the reps.

And here’s the deepest well to draw from: the steadiest confidence of all comes from knowing who God made you to be. When your identity is anchored in Him, you don’t have to fake it or prove it to anyone. But even that confidence still shows up in the doing — so prepare well, trust the work you’ve put in, and walk into the room ready.

So let me leave you with two questions worth sitting with — not just today, but for the rest of your life:

What are you truly confident in right now? Name the things you’ve prepared for, worked at, become genuinely ready for. Be proud of those — you built them.

And what do you wish you felt more confident about? Whatever came to mind — that’s just a place where the work isn’t finished yet. Not a weakness, not a limit. Just your next set of reps. Go put them in, and watch your confidence grow right alongside them.","For God has not given us a spirit of fear, but of power and of love and of a sound mind.",2 Timothy 1:7,"Whether you think you can, or you think you can’t — you’re right.",Henry Ford,f
male,20,The Only Measurement,"Jesus Christ is the only answer when there are no answers — and just as importantly, when there are answers. Don’t measure your decisions, your actions, your attitudes, your career, or who you marry against anything or anyone else but Him. If you keep Him as the model, the standard you hold everything up against, you truly cannot go wrong.

Here’s why this matters so much: the moment you start depending on a human being — including yourself — you will eventually be let down. It’s not a maybe; it’s a guarantee. People are people. I’m a great example of that myself. I could parade ten people past you who’d tell you how wonderful I am compared to others they know. But you know, and I know, my own past and my own failures. I’m a decent example in some areas, and I fall very, very short in others. For whatever it’s worth, so does everyone else — even the ones who look like they have it all together.

You’ll fall short too. We all do. Right now, you’re young and blessed, with the whole world in front of you, and the need for Jesus might not feel urgent or obvious. Trust me on this one: you need Him. He is the only help you can truly count on for the rest of your life — the one who never lets you down, never leaves, never changes. Learn to lean on Him now, while the sun is shining, rather than waiting until it’s pouring rain and you’re desperate.

Life was meant to be lived His way. There are other ways — the world is full of them — but none of them are as rewarding, as steady, or as genuinely exciting as the life He offers. Measure everything by Him, and you’ll always know where you stand.",The fear of the Lord is the beginning of wisdom; all who follow his precepts have good understanding. To him belongs eternal praise.,Psalm 111:10,"It ain't those parts of the Bible that I can't understand that bother me, it's the parts that I do understand.",Mark Twain,t
male,21,Marry a Godly Women,"You already know this one — but I’ll say it anyway, because it matters more than almost anything else you’ll ever decide: marry a Godly woman. And that requires dating Godly women first. If you don’t start right, you won’t finish right.

It means actually asking the women you date whether they follow Christ. Here’s the tricky part: some will say yes and genuinely believe it, but not really know Him at all. They think they’re fine because it’s what they’ve always assumed about themselves — but there’s no real relationship there. A woman who assumes she’s a Christian is not the same as a woman who walks with Christ. Don’t settle for that. And don’t let one, or two, or ten disappointing examples talk you out of looking for the real thing. Keep looking until you find her.

Two simple questions will tell you a lot:

1. What’s your story of how you met Christ? You know the right answer — and it isn’t “I go to church,” “I was baptized as a child,” or “I’m a Methodist/Catholic/Baptist.” Those are backgrounds, not a relationship. You’re listening for a living, personal faith.

2. Where do you worship now? You’re looking for someone actively growing, bearing fruit, part of a church community. (And here’s a great sign: if she asks you the same questions.)

You want to marry someone you can respect and admire — so make sure she is Godly. When she is, you’ll know she’s relying on someone bigger than herself. Being beautiful or smart doesn’t mean a woman will treat you and your children well. And even loving the Lord is no guarantee. But if she truly loves God, then even if she strays, there’s always a way back — and that is something you can count on. When two people both rely on God, there’s no question without an answer and no problem that can’t be faced together. It takes a shared faith and a shared hope. Don’t settle for less than that.

And one more truth, the hardest and most important of all: to marry a Godly woman, you must become a Godly man. Work on that first.","What I am telling you is good, So do not forget what I teach you.",Proverbs 4:2,It is very difficult to live among people you love and hold back from offering them advice.,Anne Tyler,f
male,22,Anger,"You’ve heard this a million times, and you’ll hear it a million more: holding on to anger buys you nothing. Staying angry and nursing grudges hurts you far more than it ever hurts the person or thing you’re angry at. I repeat it because if you don’t truly get this, anger can quietly take over your whole life. I’ve watched smart, successful, creative, wonderful people get slowly strangled by grudges they refused to put down.

Here’s something subtle worth understanding: some kinds of anger are socially approved, and that makes them the most dangerous of all. When everyone around you agrees you have a “right” to be angry — because of something that was genuinely unfair, or a wound someone really did cause you — it becomes so much easier to hold onto it forever. People will nod, sympathize, and cut you slack for it, sometimes for a lifetime. But all that permission does is make the anger harder to release, and releasing it is the only real path forward.

Wounds from your past and hard circumstances can quietly become crutches and excuses. The people who love you will always give you a pass for them. And there’s real help out there — good counselors and wise people who can help you work through genuine pain, and I’d never want you to avoid that. But be honest with yourself about the difference between healing from something and simply holding onto it. One sets you free; the other keeps you chained to the very thing that hurt you.

Some people even claim their anger helps them — that it drives them, focuses them, makes them work harder. In almost every case, that’s not true. Maybe, rarely, for a very short season. But over time, anger doesn’t help anyone, under any circumstances. There are far better fuels for a good life — purpose, love, gratitude, and faith among them.

And here’s the real secret to letting it go, the one that actually works: you don’t have to carry it alone, and you don’t have to be strong enough to release it by yourself. Give it to Jesus. Hand Him the anger, the grudge, the hurt — all of it — and let Him take it. He can carry what you can’t. Every time it creeps back (and it will), give it to Him again. That’s not weakness; that’s exactly how healing works. Let the anger go, and let Him have it. You’ll be lighter, freer, and far more yourself without it.",Refrain from anger and turn from wrath; do not fret — it only leads to evil.,Psalm 37:8,Anger is never without an argument But seldom with a good one.,George Savile,f
male,23,Crying,"I cry pretty easily. I boo-hoo at sad movies, and I’m even more of a faucet at happy, joyful moments. I’m going to cry when you get married, and God-willing, when you have a child of your own. A lot of people are taught to hide this — that tears are weakness, that real strength means a dry face. That’s simply not true, and I don’t want you to believe it for a second.

So why all this talk about crying? Because I want you to know, deep down, that it is healthy to feel things so strongly — good or bad — that they move you to tears. Feeling that much isn’t a flaw. It means your heart is alive and working exactly the way God designed it.

I have seen you cry many times, and I’ll tell you the truth — never once have I thought less of you for it. Don’t ever try to shut off the waterworks as you go through life. (The one possible exception is at work, where it isn’t always practical — but even there, don’t be ashamed of it.) Keep crying for joy. Cry at weddings and babies and songs that get you right in the chest.

And when loss comes — because it will — it’s important that you grieve. Not forever, and not in a way that takes over your life, but let yourself actually feel it. Grief is love with nowhere to go, and it deserves its time. With Christ’s strength, you will come through it, every time. Don’t rush yourself, and don’t let anyone tell you that you should be “over it” by now.

Experience everything God has for you, in every kind of emotion — the joy and the sorrow both. So, for “cryin’ out loud”… keep the tears flowing.","His anger lasts only a moment, but his favor lasts a lifetime; weeping may stay for the night, but rejoicing comes in the morning.",Psalm 30:5,Those who do not feel pain seldom think that it is felt.,Samuel Johnson,t
male,24,Memories,"Your memory is not as good as you think it is. That’s a hard lesson to learn, but once you accept it, life actually gets easier. I’ve noticed that I remember how bad the “bad” things were, but I don’t always remember the good as clearly. And the bad tends to look even worse in the rearview mirror — I forget the context, the circumstances, all the surrounding pieces that were part of the real story.

There’s so much I’ve simply forgotten over the years. Some of it is gone forever; some comes back only when a person or a place reminds me. I cherish the memories I’ve kept, because sometimes they’re all I have left of the past.

Here’s the thing to watch out for: a lot of people live their whole lives carrying baggage tied to a single memory. They can’t recall the whole event — just fragments — and those fragments hold them hostage for years. And it isn’t always a bad memory that traps someone. Sometimes it’s a good one. You know the type — the people who “peaked” in high school and never wanted to leave it: the football star, the girl who always had a boyfriend, the guy with the coolest car. A good memory can hold you back just as surely as a bad one, if you let it become the best thing that ever happened to you.

So as you go forward, don’t rely on memory alone. Much of what happened to you as a child, you remember through a child’s eyes — sometimes that’s sweet, sometimes it’s distorted. When something from the past is weighing on you, ask the people who were there what they remember. Everyone’s version will be a little different, and that’s exactly the point: there was always more to the story than the piece you’re holding.

Getting other perspectives will keep you free — free from both the bad memories and the good ones that can quietly hold you back from becoming everything God made you to be.",I will forgive their wickedness and will remember their sins no more.,Hebrews 8:12,"Not the power to remember, but its very opposite, the power to forget, is a necessary condition of our existence.",Sholem Asch,f
male,25,Relationship with Christ,"Well, here we are. You’re on your own now. We’ll still watch, and hope, and pray for a Godly son — but the relationship that matters most has become what it was always meant to be: one on one. Just you and Jesus. No parent standing over you making you go to church, say your prayers, or read your Bible. Just you and God.

And here’s the truth: despite all our overseeing through the years, it was always really you and God. He never measured you by how well you behaved when someone made you do something. He looks past all that, straight to your heart and your attitude in every situation. Now, with no one watching, you get to decide who you actually are.

So let me lay out what a Godly man does when no one is forcing him:

He tithes his income. Now it’s your choice. Give, and you will be blessed.

He prays every day, not just for himself but for others. Do you pray for your family, for me, for the people around you? Do you thank God for how blessed you are — your health, your mind, your opportunities? You should.

He spends personal time in the Bible — not for a class or a grade, but because he genuinely wants to know the God who made the world.

He serves others, not because he has to, but because he wants to please the One who served us first.

He draws lines in the sand — about the movies he watches, the things he reads, the relationships he keeps — not to look good to anyone, but because he knows it makes God proud.

And he watches what comes out of his mouth — never using the Lord’s name carelessly, keeping both his words and his tone Godly.

No one is watching you anymore. It’s just you and Him now. And that’s exactly where a real faith finally becomes your own.",For he looks to the ends of the earth and sees everything under heaven.,Job 28:24,"I have held many things in my hands, and I have lost them all; but whatever I have placed in God’s hands, that I still possess.",Martin Luther,f
male,26,Travel,"Travel anywhere and everywhere you possibly can. Very few things will help you grow — as a young person and long into adulthood — the way travel does. The more people you meet, and the more you see them in their own homes, their own countries, their own ways of living, the wiser and more understanding you become.

There is nothing quite like witnessing how other people live to help you understand your own life. When you see families with far less than you have who are somehow full of joy, it rearranges something inside you. When you see how differently people in another country eat, worship, work, and raise their children, you stop assuming your way is the only way — or even the best way. Travel is one of the great cures for a small, self-centered view of the world. It grows your gratitude and your compassion at the same time.

It also does something for your faith. When you stand in a place completely different from home and realize God is there too — loved and worshiped by people who look nothing like you and speak a language you don’t understand — the world gets bigger and God gets bigger right along with it. His family is vast, and you’re one small, treasured part of something enormous.

Your “world” is already far smaller than the one I grew up in. The internet has shrunk it — you can see and reach almost anywhere in an instant. That’s a gift, so use it: connect with people who are different from you, learn about lives unlike your own. But don’t let a screen be a substitute for actually going. Nothing online compares to standing somewhere new, with your own two feet on the ground.

So go. See it. Meet people. Get a little lost. You will come home a bigger, kinder, more grateful person every single time.",For he looks to the ends of the earth and sees everything under heaven.,Job 28:24,"For my part, I travel not to go anywhere, but to go.",I travel for travel’s sake. The great affair is to move.,t
male,27,Abortion,"This is a hard subject, but an important one, and I’d be failing you if I stayed quiet about it. Let me start with the most important thing: the surest way to never face this decision at all is to save yourself for marriage. I want that for you deeply — we talk more about it elsewhere — and it’s the first and best protection I can offer you here. But because life is complicated and people I love sometimes end up in hard places, I want you to know where I stand — so you can help a friend, or, if it ever came to it, so you’d know exactly what I’d say to you.

I’ve known a number of women who have had abortions — you may know some yourself, even if you don’t know their story. The ones who’ve been honest with me carry a sorrow that’s almost impossible to put into words. Deep down, they know a life was ended, and that knowledge stays with them.

I’ve also known young women who had children very early — one at fifteen, another at seventeen — and placed them for adoption. They’ll tell you honestly that they regret the choices that got them there. But not one of them regrets that their child is alive today. There’s no hidden burden, no lasting damage — just the quiet peace of knowing that a hard mistake didn’t become a permanent one, and that someone is alive because of the harder, braver choice.

Sometimes people justify it because the man wanted it to happen, or didn’t want any responsibility. If that is the case, then don’t let them lead in this situation. A child’s life is far more important than anyone’s embarrassment, reputation, fear of telling parents, or convenience.

Here’s the heart of it: abortion is an easy short-term solution with heavy lifelong consequences. Adoption is a hard short-term choice with beautiful, lasting ones.

And if you ever find yourself frightened and unsure — sure you can’t tell me — please hear this now, while it’s calm: come to me. There is nothing you could ever do that would make me stop loving you, and no problem we can’t face together. There is always another way, and there is always grace. You will never have to walk through anything alone.","Before I formed you in the womb I knew you, before you were born I set you apart.",Jeremiah 1:5,There is one thing alone That stands the brunt of life throughout its course; A quiet conscience.,Euripides,f
male,28,Respect,"There’s a shift coming in our relationship that I want you to see ahead of time, because it’s a good one. Right now, while you’re young, honoring me mostly means doing what I say. That’s how it should be — it’s my job to guide you, and yours to trust that guidance. But that’s not where it ends. As you grow into an adult, honor changes into something deeper and better: not obedience, but respect — the kind two grown people choose to give each other.

That’s really what this chapter is about: the new relationship you and I get to build once you’re grown. It won’t be parent-over-child anymore. It’ll be two adults who love each other, treating each other with respect — and I can’t wait for it.

Here’s what respect between us will look like. It means we measure our words with each other, especially in the heated moments. It means you can disagree with me — openly, as an equal — and still honor me, and I can do the same with you. It means neither of us has to be perfect or pretend to be. I’ve never wanted a child who just nods along, and I won’t want an adult child who does either. Real respect has room for honest disagreement; that’s what makes it real.

This matters enough that God made it one of the Ten Commandments: “Honor your father and mother.” Notice He didn’t put an expiration date on it. The way you honor me will change as you grow — from obeying, to respecting, to one day maybe caring for me the way I once cared for you — but the honor itself is meant to last a lifetime.

So let’s build it together: a relationship rooted in respect, strong enough to hold disagreement, and warm enough to last the rest of our lives. That’s one of the greatest gifts we could ever give each other.","Honor your father and your mother, so that you may live long in the land the Lord your God is giving you.",Exodus 20:12,An injury is much sooner forgotten than an insult.,Lord Chesterfield,t
male,29,Working Hard,"Here’s one of the most encouraging truths I can give you: hard work requires no intelligence, no money, no advantages, and no connections. It doesn’t matter who your parents are, what you were born with, or how you compare to anyone else. Effort is the one path to success that is completely available to you, every single day. All it asks for is commitment and perseverance — and those are choices, not gifts.

Your ability to work hard in school will be a huge advantage to you for the rest of your life — and not just in a career. Once you’ve learned how to truly work at something, you can apply that same effort to the things that matter most: your marriage someday, raising your kids, staying close to your friends, and above all, your relationship with Christ. Hard work isn’t just for jobs. It’s for everything worth having, because nothing worth having comes easy.

You have real talent and real skills. When you combine them with genuine effort, there’s very little you can’t accomplish if you set your mind to it. But here’s the part most people miss: it isn’t only about how hard you work — it’s about what you work hard on. It all comes down to your priorities.

So let me give you an order worth keeping for life. Put your effort and your priority into these, in this sequence: first your relationship with Christ, then your family (and once you’re married, your spouse comes first, even before your parents and children), then your health, then your work or school, and then your friends. All of them matter. But when you keep them in that order, everything tends to fall into place. When you get the order backwards, even good things start to crowd out the most important ones.

Work hard. Work hard on the right things, in the right order. Do that, and you will not just succeed — you’ll build a life that actually means something.",One who is slack in his work is brother to one who destroys.,Proverbs 18:9,Hard work beats talent when talent doesn’t work hard.,Tim Tebow,f
male,30,Strike One...you're out.,"Read this one as carefully as anything I’ve ever told you: never, ever raise a hand against a woman. Not under any circumstance, not for any reason, not one single time. There is no provocation, no argument, no bad day, no “she pushed me to it” that will ever make it okay. None. This is an absolute, for your entire life.

Here’s something you need to understand ahead of time: no one on earth will ever be able to get under your skin like a woman you love. It’s just true. The people closest to our hearts can stir up feelings — including anger — that no stranger ever could. You won’t fully grasp this until you’re in it someday, but when that moment comes and the anger rises, you already know the answer: walk away. Leave the room. Cool down. Nothing bad happens when you walk away. Everything bad happens when you don’t.

Some men carry a temper that runs hot, and some don’t — but the rule is exactly the same either way. If you ever find that your anger scares you, or that you feel close to that line, take it seriously and get help immediately. Talk to a counselor. Talk to me. Talk to a Godly man you trust. Do whatever it takes. Getting help isn’t weak — it’s one of the strongest, most responsible things a man can ever do, and it could save the people you love, and save you.

And understand the stakes plainly, because they’re real: if you ever do it, even once, it’s over. She will be gone — as she should be — and more than likely, you’ll be in jail. One moment can end your marriage, your family, your freedom, and the man you wanted to be.

So decide now, long before you’re ever tested: you will be a man who protects women, never one who harms them. Walk away every single time. There is no strike two here. This is the one line you never, ever cross.","A fool always loses his temper, but a wise man holds it back.",Proverbs 29:11,The worst tempered people I've ever met were the people who knew they were wrong.,Wilson Mizner,f
male,31,Money is a Tool,"Money is a tool — nothing more, nothing less. You work to live, not live to work. Any other idea about money will only bring you pain and heartache someday. Money doesn’t make you a better person or a worse one. It can’t buy happiness; the most it can buy is a feeling of financial security. And while knowing you’re not headed for the poor house is genuinely nice, that feeling alone will never fill your life or your heart.

Think about what a tool actually is. A hammer is wonderful for building a house and useless for making you happy. Money is exactly the same. Use it for what it’s good for — providing, building, blessing, helping — and don’t ask it to do the things only God and people can do. The moment you expect money to give you peace, worth, or love, it will fail you, because that was never its job.

So be open-handed with it. Give it to God first, then to your family, then to friends and to people and causes in need — in that order. Generosity is the surest sign that money is your tool and not your master. If you grip it too tightly, one of two things happens: you lose it, or worse, you spend your whole life afraid of losing it, which is its own kind of poverty.

Hold money loosely. Earn it honestly, use it wisely, give it freely, and never let it become the thing you measure yourself by. There will always be people with more and people with less, and none of that will tell you a single true thing about your worth.

Here’s the whole chapter in one line: money is not important. It is serious — it deserves your attention and your care — but it is not important. Don’t ever confuse the two.","As goods increase, so do those who consume them. And what benefit are they to the owners except to feast their eyes on them?",Ecclesiastes 5:11,A wise man should have money in his head; not in his heart.,Jonathan Swift,t
male,32,New College Friends,"Your friends are a reflection of who you are and what you do. We can’t really live without them — and if we pick the wrong ones, sometimes we barely live at all. So pick great friends in college, and be a great friend in return.

Here’s the most important thing I can tell you on this subject: actively look for Christian friends who genuinely love Jesus. Not people who just say they’re Christian, or grew up going to church — look for the ones whose faith is real and alive, who love the Lord and let it show in how they treat people. Those friends will do something no one else can: they’ll point you back toward God when you drift, pray with you when things get hard, and celebrate with you in a way that’s rooted in something eternal. Seek them out on purpose. They are worth more than any other kind of friend you’ll make.

Real friends are with you through the good and the bad. They know you, accept you as you are, and care enough to correct you when you need it — always making sure you understand they love you just the same. College will hand you a whole new set of people to choose from, so choose very, very wisely, because friends will influence you one way or the other. You’ll meet people who grew up in completely different worlds than you did — some in better environments, some in worse. Make sure the ones you pull close build you up and bring you joy, and make sure you do the same for them.

Almost everyone, at some point, gets tangled up with a friend who’s bad for them. You can usually feel that it’s wrong, but by the time you notice, you’ve already let them close, and letting go feels impossible. Watch out especially for the people who seem like they’ve “lived more” — done wilder, riskier things and come out fine. Here’s the truth: they didn’t live more. They dodged a bullet. And the next time, they might not — and the first time you try it, you might not either. Before you follow anyone down that road, ask yourself two honest questions: Can you live with the consequences? And do you want to?

So let go of bad friends — better yet, don’t start with them. And someday, I’d truly love to get to know the good friends you make. Bring them around. Nothing would make me happier.","One who has unreliable friends soon comes to ruin, but there is a friend who sticks closer than a brother.",Proverbs 18:24,The only reward of virtue is virtue; the only way to have a friend is to be one.,Ralph Waldo Emerson,f
male,33,The Bible,"There’s something a little funny — and a little humbling — about spending all this time giving you my advice, hoping you’ll read every word. Because the honest truth is this: you’d be far better off setting this whole book down and just reading the Bible instead. That goes for everything I say, and everything every other man and woman on earth has ever said — including you. Next to God’s wisdom, all of us are working with tiny, cloudy little perspectives.

At your age, you’ve seen very little of this world. I’ve seen more than you — and I still know almost nothing. That’s not false modesty; it’s just true.

There’s a story I love about this. Two men were arguing, and one insisted there was no God. After going back and forth for a while, the other man pulled out a paper plate and said, “Imagine all the knowledge that could ever exist — everything that could possibly be known about this world — is represented by this plate. How much of it do you think you know?” The first man took a pen and made a single tiny dot. The other man smiled and said, “Don’t you think, somewhere in all the rest of that plate, there just might be something you don’t know — something that could make you wrong?”

That’s the whole thing, really. We know so little, and God knows all of it. So read His Word. Not once — over and over, for the rest of your life. It will teach you, correct you, comfort you, and steady you in ways nothing I write ever could.

I’m grateful you’re reading these pages, and I know it’s because you love me — that’s the only reason I get to share these life lessons with you at all. But please hear me clearly: it’s all garbage compared to what God has to say. My deepest hope is that my advice simply echoes His. You already know that’s true. I just needed to say it out loud, and to make sure you knew that I know it too.","All Scripture is God-breathed and is useful for teaching, rebuking, correcting and training in righteousness.",2 Timothy 3:16,You can learn more about human nature by reading the Bible than by living in New York,William Lyon Phelps,f
male,34,A Great Communicator,"Communication is the key to almost everything you’ll do. It shapes your relationships with your family, your friends, your coworkers, your teachers — everyone. If you want the kind of success and the kind of life you dream about, you’ll have to become a great communicator. It doesn’t matter whether you’re a person of few words or many; what matters is that you learn to connect with people clearly, honestly, and kindly. Let me give you three kinds worth mastering.

**Respectful communication.** This is the foundation. Acknowledge people when they walk into a room. Look them in the eye. Offer a strong handshake. Recognize how someone is feeling, and take it seriously. Call people back when you say you will. These small things tell people they matter — and how you make people feel is something they never forget.

**Truthful communication.** Tell people the truth, but always in love. That means not lying, and not dodging hard conversations just because they’re uncomfortable. It means being kind with your words — honest without being harsh or cruel. It means telling people what they need to know in time for it to matter. And it means being someone who can keep a confidence: a person whose word is good, who doesn’t traffic in gossip, who can be trusted with what’s private.

**Loving communication.** This is the one most men neglect, and it’s the most important of all. A lot of guys are taught, without anyone ever saying it out loud, that expressing love is a weakness. It isn’t — it’s strength. Tell the people you love that you love them, out loud and often. Make the time and effort to truly connect with them, not just pass by them. Be the one who reaches out first, who picks up the phone, who says the thing that’s easy to feel but hard to say. Love that stays silent doesn’t do anyone much good.

Master these three, and you’ll open almost every door worth walking through — in your work, your friendships, and most of all, your family.",The Spirit of the Lord spoke through me; his word was on my tongue.,2 Samuel 23:2,"Communication is not only the essence of being human, but also a vital property of life.",John R. Pierce,f
male,35,I Love you Anyway,"“I love you.” Those may be the most powerful words on earth. For a lot of people, they’re like oxygen — you don’t realize how much you need to hear them until you’re not getting them. Here’s something important to understand early: love is a choice, not a feeling. It’s an action, a decision to love someone right where they are, on their best days and their worst.

I once saw a skit at church that has stuck with me ever since. It laid out three ways people say “I love you,” and only one of them is real:

**Wrong — “I love you BECAUSE…”** you love me, you behave, you’re smart, you don’t talk back. That’s love with a reason, and reasons can change.

**Wrong — “I love you IF…”** you get good grades, you agree with me, you do what I want. That’s love with a condition, and conditions can be failed.

**Right — “I love you ANYWAY.”** No matter what. There is nothing you could ever do to make me stop loving you.

That’s how I love you — anyway, always, no matter what. And it’s how I hope you’ll learn to love others. When your love comes with a “because” or an “if,” it gets complicated and it quietly wounds the people who most need to feel secure with you. Love that has no conditions is the only kind that actually holds.

So love people anyway. And tell them — out loud, all the time. It makes a bigger difference than you can imagine. It doesn’t even matter if you’re mad or hurt in the moment; you can still love someone you’re angry with. It might be a little harder that day, but the love is still there, still a choice, still yours to give.","Love always protects, always trusts, always hopes, always perseveres.",1 Corinthians 13:7,Love and a cough cannot be hid.,George Herbert,t
male,36,Consequences,"For everything we do on this earth — and for some things done to us — there are consequences. Sometimes they’re good, sometimes bad, but they always come. And here’s what changes as you grow up: the consequences get bigger. As an adult, you have far more freedom to act, which means far more power to create consequences — for yourself and for everyone around you.

Look at how the stakes rise from childhood to adulthood:

As a child, if you misbehave, you get grounded. As an adult, if you break the law, you go to prison.

As a child, if you crash the car, your parents pay for it. As an adult, you pay — and depending on what happened, the cost can be far steeper than money.

As a child, if you wander off to the wrong place, you might get lost or scolded. As an adult, the wrong place at the wrong time can put you in real danger.

Now let me give you one specific, serious example that too many young men never see coming — and it can destroy a life. The day you turn 18, the law changes for you overnight. If you’re 18 and dating a girl who is under 18 — even by a little, even if you truly love each other, even if nothing at all has changed but the calendar — you can suddenly be committing a crime. A relationship that was completely fine the day before your birthday can now land you in jail and label you a registered sex offender for the rest of your life. That label follows you forever — where you can live, work, and go. The law does not care that it felt innocent, or that she’s your girlfriend. It only cares about the ages.

You get the point. The freedom of adulthood is wonderful, but it carries real weight. You’ve watched me live out the consequences of my own choices — good and bad — and seen how they rippled out to others, too. That’s how consequences work: they rarely stay contained to the person who caused them.

Here’s the most important thing to remember: you can’t always see or measure the consequences before you act. So move thoughtfully. Keep one eye on where your choices lead, and always consider the impact they’ll have — not just on you, but on everyone your life touches.","Remember this: whoever sows sparingly will also reap sparingly, and whoever sows generously will also reap generously.",2 Corinthians 9:6,You can do anything in this world if you’re prepared to take the consequences.,W. Somerset Maugham,f
male,37,Treating the Things You Own,"One of the clearest signs of a person who’s truly grateful for what they have is how well they take care of it. It sounds small, but it isn’t. The way you treat whatever is in your hands quietly reveals the way you see everything — as a gift to be honored, or as something disposable. And I’ll be the first to admit this is an area where I can do better too. So we’re learning this one together.

Practically, this means taking care of whatever you have — your clothes, your phone, a car, your home, your money, and most of all your body, which is the most important thing you’ll ever be trusted to care for. And here’s the heart of it: you take care of things well regardless of what they are. An old, beat-up car gets treated with just as much care as a brand-new one. Modest or fancy, big or small, new or worn out — it doesn’t matter. You care for what you have because caring for it is right, not because of what it’s worth or what it might get you.

This isn’t just my opinion — it’s a biblical principle. Again and again, Scripture teaches that the person who is faithful with a little is trusted with more, and that how we handle what we’ve been given matters deeply to God. Jesus told a whole parable about it. Being faithful in small things is how you’re shaped into someone who can be trusted with big ones.

In Christian language, this idea has a name: stewardship. It means understanding that nothing you have is ultimately yours — it’s on loan from God, entrusted to your care for a while. Your money, your job, your responsibilities, your relationships, even your children someday.

So take care of what’s in your hands — not out of vanity, and not to get more, but out of gratitude. Be a great steward of everything, big and small. It’s one of the quietest, truest ways to say “thank You” to the God who gave it all in the first place.","Whoever has will be given more, and they will have an abundance. Whoever does not have, even what they have will be taken from them.",Matthew 13:12,Property has its duties as well as its rights.,Thomas Drummond,f
male,38,Sometimes No Advice is Better,"When you are right in the middle of God’s will, you know it by the Bible, by prayer, and by those around you who are Godly and have wisdom. Stay there and keep your path.

Don’t listen to anyone else, **including me**.","I can do all things through Christ, who gives me strength.",Philippians 4:13,I know God will not give me anything I can't handle. I just wish that He didn't trust me so much.,Mother Teresa (1910 - 1997),t
male,39,Pornography II,"This is a subject that needs a little more discussion, because it comes in many forms — the internet, magazines, and so-called “men’s clubs.” Stay out of all of them, but let me talk about that last one specifically, because someday you’ll almost certainly get invited, and I want you ready to say no.

If you ever do go, remember this: every woman in that room is someone’s daughter, someone’s sister, maybe someone’s wife or mom. They may insist it doesn’t affect them, that it’s “just for the money” — but that isn’t the truth. Anyone willing to take their clothes off for money in front of strangers is carrying real pain, whether they’ll admit it or not. Don’t let anyone convince you it’s harmless fun. It isn’t, for them or for you.

<review>I’ll be honest with you, because I’d rather you hear it from me: I wish I could say I’ve never set foot in one, but I have. There’s a whole culture, especially in business, that treats these places as normal — a place to close a deal. It’s wrong, and I regret every time I went along with it. I’m telling you so you can do better than I did.</review>

Here’s the deepest problem: like so much else, it isn’t real. Men pay women to act interested in them for a little while. They hand over money to people who care nothing about them beyond their wallet. Men who get hooked on it — and they do — end up paying for fake relationships while avoiding real ones. There’s an old saying about these places: you leave your money there, you leave your dignity there, and the women don’t come home with you either. You walk out with nothing.

And if you ever find yourself pulled toward any of this and struggling to stop, don’t fight it alone in the dark. Come talk to me, or to another Godly man you trust. There’s no shame that grace can’t cover, and this is a battle no man should fight by himself.",I made a covenant with my eyes not to look lustfully at a young woman.,Job 31:1,The true test of a man’s character is what he does when no one is watching.,John Wooden,f
male,40,Embarrassment,"Almost as destructive as fear, anger, or arrogance is letting embarrassment run your life. This is an area I’ve always struggled with, and it has genuinely cost me. I won’t tell you not to feel embarrassed — that’s nearly impossible, we’re wired for it. What I’ll tell you is this: don’t let it control you or make your decisions for you.

I can remember so many times I missed out on something simply because I was embarrassed, or afraid I might be. Here’s an honest one: there were times I didn’t ask someone out because I was scared of being embarrassed if they said no. And the strange part? It wasn’t really the rejection I feared — it was other people knowing I’d been rejected. Pretty silly when I say it out loud, isn’t it? But that’s exactly how embarrassment works: it magnifies what other people think until it’s bigger than what you actually want.

You know people who don’t seem to get embarrassed by anything. Maybe, from your point of view or mine, there are a few things they should be a little embarrassed about! But look closer: they don’t let other people’s opinions dictate what they say, who their friends are, what they wear, or what they love. And quite frankly? They seem to carry so much less baggage than everyone else. There’s real freedom in that.

Here’s the truth worth remembering: the vast majority of the embarrassment we feel is completely false — a fear of judgment that mostly lives in our own heads. Most people are far too busy worrying about themselves to be thinking about you at all.

So let me ask you to sit with two questions. What actually embarrasses you? Be honest — name the things you avoid, the moments you shrink back from, the stuff you’d never want people to see. And then the more important one: should it? When you really look at each thing, is it worth the power you’ve handed it? More often than not, you’ll find the answer is no — and just seeing that can start to set you free.

There are so many amazing things you’ll get to do and experience in this life. Don’t let the fear of a little embarrassment hold you back from any of them. Feel it if you must — then go do the thing anyway. It is never worth what you’d miss.","For you have been my hope, Sovereign Lord, my confidence since my youth.",Psalm 71:5,"If you're never scared or embarrassed or hurt, it means you never take any chances.",Julia Sorel,f
male,41,Love Language,"Tell people, show people, and remind people that you love them. It’s one of the simplest and most powerful things you’ll ever do, and most people don’t do nearly enough of it.

First, tell them — out loud, in actual words. Tell the people you love that you love them: your family, your closest friends, and someday your wife. Don’t assume they just know. Make sure everyone in your family hears it from you regularly. Tell your parents you love them, all the time. Words are free, they take two seconds, and they can carry someone through a hard day.

But telling isn’t the whole picture, because people receive love in different ways. A counselor named Gary Chapman wrote a wonderful book explaining that there are five “love languages” — five different ways people most feel loved:

**Words of Affirmation** — hearing kind, encouraging, specific words.

**Gifts** — receiving something thoughtful, a sign they were thought of.

**Quality Time** — someone giving them their full, undistracted attention.

**Acts of Service** — someone doing something helpful for them.

**Physical Touch** — a hug, a hand on the shoulder (and someday, with your wife, the closeness of marriage).

Here’s the key: everyone has a primary love language, and some people have two. The trick is that we tend to give love in our own language, when the person in front of us might need it in a completely different one. You might feel most loved by quality time, while your friend feels it through words, and your future spouse through acts of service. So pay attention. Learn the love languages of the people closest to you — and then love them their way, not just yours.

Do that, and you’ll love people in a way they can actually feel. It’s one of the great secrets to every close relationship you’ll ever have.

P.S. — You can tell me you love me too!",Better is open rebuke than hidden love.,Proverbs 27:5,Love conquers all things; let us too surrender to love.,Virgil,t
male,42,"Alcohol, Drugs and Tobacco","Don’t drink and drive. I know it sounds simple, but I mean it — don’t. And don’t ride with other people who have been drinking, either. I did both, and it is by the sheer grace of God that I’m alive to write this. If even one of those nights had gone wrong, it would have wrecked my life and other people’s lives forever. You will get the chance to make that choice. The risk is never worth it.

The simplest advice about alcohol, drugs, and cigarettes is to stay away, and I hope so far you have. Here’s the trap: you can’t know whether you have an addictive streak until it’s too late to undo it. Some people get hooked far faster than others, and no one thinks it’ll be them. Stay away, and you never carry that risk at all.

I want to say something specifically about drugs, because the world is far more dangerous now than it was when I was young. It used to be that experimenting was risky. Today it can be deadly the very first time. People are putting powerful, lethal substances into pills and powders that look completely normal — so you cannot trust that anything is what someone tells you it is. A single bad decision, or one moment of trusting the wrong person, can end everything. There is no “just once” that is worth that. Please don’t take the chance. I need you here.

A word on cigarettes and vaping, too. Vaping gets sold as harmless, but it’s one of the fastest ways there is to get hooked on nicotine — I’ve watched it grab people hard and quick. And I’ve seen too many smart people stay trapped by cigarettes for decades because they simply can’t stop. Never hand anything that kind of power over you.

One last thing, man to man: so much of this comes down to self-control. When you lose control of your body and your mind, you become capable of things the real you would never do — hurting someone, wrecking a relationship, making a choice you can’t take back. Be a man who stays in control of himself. It protects you, it protects everyone around you, and it’s one of the truest marks of real strength.",Wine is a mocker and beer a brawler; whoever is led astray by them is not wise.,Proverbs 20:1,The best way to avoid a bad habit is to never begin it.,J.C. Penney,f
male,43,Jesus is Lord and Savior,"This may be the most important chapter in this entire book, so read it slowly. The whole Christian life comes down to two words in the title — Savior and Lord — and they mean two different things.

The Savior part is a decision. It’s the moment you accept Christ, admit you can’t save yourself, and submit to Him. That’s how you’re forgiven, and that’s how you get to heaven. It’s a gift you receive, not a prize you earn — you simply say yes. If you’ve never truly made that decision, I hope with all my heart that you will. Nothing matters more.

The Lord part is harder, and it lasts a lifetime. That’s when you actually try to live your life to please Him — day by day, choice by choice. You do it out of gratitude, because once you really see it, you realize everything good in your life is a gift: your mind, your health, your family, your home, the country you were born into, the opportunities in front of you — it is all by the grace of God. You didn’t earn any of it. It was given.

He is bigger than any problem you will ever face. Let me say that again, because you’ll need it someday: He is bigger than any problem you will ever face. When you center your life on His standards, you have something solid that never moves. Center it on your own, and the ground keeps shifting under you.

So live by His standards — not out of fear or obligation, but to please the God who made you and loves you. And here’s the beautiful part: since He designed you, when you live His way, you’re finally running the way you were built to run. There’s a peace and a rightness in living as your Maker intended that you simply can’t find anywhere else.

Savior first. Then Lord, for the rest of your life. Everything else in this book is just details next to this.","Jesus answered, “I am the way and the truth and the life. No one comes to the Father except through me.”",John 14:6,A man who was merely a man and said the sort of things Jesus said would not be a great moral teacher. He would either be a lunatic — or else the Devil of Hell.,C. S. Lewis,f
male,44,Love and Favor,"I’ve wrestled for a long time with the idea of unconditional love. You’ve heard us say it your whole life — we love you unconditionally, meaning no matter what you ever do, our love for you will never change. That’s completely true. I love you, and I always will, no matter what.

But I want to draw an important distinction for you — between love and favor — because they’re not the same thing. You’ve heard the old joke, “I love you, but I don’t always like you.” There’s also the saying, “Love the sinner, hate the sin.” Here’s the deeper version: I can love you unconditionally and completely, and yet you may or may not have favor with me at any given moment. And it works both ways.

Here’s what I mean. If you’re disrespectful, unkind to the people you should honor, careless about staying connected to your family, sloppy with your responsibilities, or you get yourself into trouble — I will still love you with everything I have. But you may not have my favor. And favor comes with real, tangible things: trust, freedom, opportunities, help when you need it, the benefit of the doubt. Lose favor, and some of those things quietly go away. Earn it, and doors open.

That’s the key truth: love is unconditional, but favor is earned. And you’re earning or losing it every single day — with me, with your teachers, with other adults, with everyone whose respect matters. The way you treat people, the way you handle your responsibilities, the way you carry yourself — it’s all quietly building or spending your favor with the world.

This works with God, too, in a way. His love for you is boundless and unconditional — but Scripture is full of the blessings and favor that come to those who walk in His ways.

So earn favor — with those you love and even those you don’t. The rewards are real, and life goes far more smoothly for the person who has it. Love is a gift. Favor is a harvest.","Let love and faithfulness never leave you; bind them around your neck, write them on the tablet of your heart. Then you will win favor and a good name in the sight of God and man.",Proverbs 3:3-4,"You reap what you sow; more than you sow, and later than you sow.",Robert Louis Stevenson,f
male,45,Fear,"Fear is one word that will imprison you if you don’t fight it, and keep fighting it, all your life. The first step is simply to be aware of when you’re afraid — to notice it, name it, and see it for what it really is. You’ve heard me say it before, and I’ll say it again: face your fears. I’m sure certain people come to mind right now when you think of someone ruled by fear. Don’t become one of them.

Fear, left unchecked, can quietly wreck a whole life. People afraid of flying never see the world. People afraid to trust never let anyone close enough to truly love them. People afraid of not having a paycheck stay in dead-end jobs for decades, slowly dying a little each day. In almost every case, the fear costs them far more than the thing they were afraid of ever could have.

Here’s something worth understanding: most fear isn’t even real. Some people call it “False Evidence Appearing Real.” The kind of fear you feel when there’s actual danger right in front of you is a gift — it protects you, and you should listen to it. But the fear that imprisons people is almost always the made-up kind: a frightening story we tell ourselves about a future that hasn’t happened and probably never will. We build it in our own minds, then live as though it’s certain. So when fear grips you, learn to ask one honest question: is this a real danger right now, or am I making this up? You’ll be amazed how often the answer sets you free.

Here’s where faith changes everything. When your security is anchored in God, fear loses most of its grip, because you know that whatever happens, you are held. You don’t have to be fearless on your own strength — you just have to trust the One who is.

And there is exactly one fear worth keeping. The Bible says, “The fear of the Lord is the beginning of wisdom.” That kind of fear isn’t terror — it’s awe, reverence, a deep respect for how big and holy God is. That fear doesn’t shrink your life; it opens it up. Fear God, and you’ll have far less reason to fear anything else.",The Lord is my light and my salvation — whom shall I fear? The Lord is the stronghold of my life — of whom shall I be afraid?,Psalms 27:1,Let me assert my firm belief that the only thing we have to fear is fear itself.,Franklin D. Roosevelt,f
male,46,Work to Live,"Work to live — don’t live to work. It’s a simple idea, but almost nobody actually lives it, and getting it right early will shape your entire life for the better. So let me press on it a little.

I have met far too many successful, hard-working men and women who, somewhere deep down, deeply regret how much of their lives they poured into their jobs. They climbed, they achieved, they earned — and then they looked up one day and realized the years were gone, the kids were grown, and the moments they can never get back were spent at a desk instead of at home. Almost no one, at the end of their life, wishes they’d worked more. But an awful lot of them wish they’d been more present — for the people they loved, and for the life right in front of them.

Work is good and necessary. God designed us to work, and there’s real dignity and joy in doing something well. But work is a means, not the point. It’s meant to provide for your life, not to become your life. The paycheck is there to fund the things that actually matter — your faith, your family, your friendships, your health, your rest. The moment it flips, and life starts serving the job instead of the job serving life, something precious quietly slips away.

So decide now what kind of life you want to build, and make sure your work stays in its proper place inside it. Make sure the person you marry shares this too — it’s very hard to live this way alone. And someday, teach it to your own kids, not just with words, but by actually being there for them.

Work hard when you work. Then close the laptop, go home, and live. The job will still be there tomorrow. The people you love — and the moments with them — won’t wait forever.","For a person may labor with wisdom, knowledge and skill, and then they must leave all they own to another who has not toiled for it. This too is meaningless.",Ecclesiastes 2:21,Perpetual devotion to what a man calls his business is only to be sustained by perpetual neglect of many other things.,Robert Louis Stevenson,t
male,47,Sex,"The standard line is that “guys are only after one thing” — they want sex and will do just about anything to get a girl into bed. It’s supposed to be different for Christian men. I hope it is, but honestly, that’s not always the case. You’re a Christian guy, and you’ve been taught that sex is for marriage. The world will tell you something completely different, constantly. So here’s the real question: is it okay to be a man who isn’t only after one thing? The answer is a clear yes — and it’s exactly the kind of man I’m asking you to be.

So how do you actually do that? It starts with who you choose. Pick a girl who shares your values and your expectations. If you don’t, you’ll end up being the one forced to “hold back” against constant pressure — and that’s a genuinely hard place to be. Choose someone walking the same direction as you, and you’ll be pulling together instead of fighting each other.

And understand this: even in a great, strong relationship, sex is not the “next step” toward something more mature. It isn’t a step at all — it’s a gift reserved for marriage. If you refuse to see it as a way to get closer or the next “stage,” it simply won’t be on the table. Anyone who tells you it’s necessary, natural, or required is lying to you. Sex fogs everything. Even the desire for it clouds your judgment; once it enters a relationship, you stop thinking straight. Your purity is one of the most precious gifts you can carry into your marriage someday — and giving it to your wife is worth far more than any “experience” the world tells you you’re missing.

Because you’re not missing anything. There’s no prize for playing the field — only regret to carry later. The right woman someday will be thrilled, not disappointed, that you waited. I promise you: you will have a stronger, deeper marriage if you do.

And one more thing, because grace matters as much as truth: choosing to save yourself is an ongoing decision — one you’ll keep making right up until you marry. Wherever you are, there is always grace, and always my love and support. Come talk to me anytime, about anything. I love you, no matter what.","Let us behave decently, as in the daytime, not in carousing and drunkenness, not in sexual immorality and debauchery, not in dissension and jealousy.",Romans 13:13,There is nothing like desire for preventing the thing one says from bearing any resemblance to what one has in one’s mind.,Marcel Proust,f
male,48,Humility,"Let me tell you about one of the most attractive, powerful, and underrated qualities a person can have: humility. The world will tell you to promote yourself, out-shine everyone, and make sure people know how great you are. I want to tell you something better.

First, let’s clear up what humility actually is, because most people get it wrong. Humility is not thinking less of yourself. It’s not putting yourself down, shrinking back, or pretending you have no gifts. Here’s the real definition, and it’s worth memorizing: humility is not thinking less of yourself — it’s thinking of yourself less. That’s the whole secret. A humble person isn’t consumed by how they’re coming across, how they measure up, or what everyone thinks of them. They’re free of all that — free to actually notice other people, to serve, to listen, to love.

Compare that to arrogance, which is the exact opposite. You know the type — the person who talks about themselves endlessly, then says, “But enough about me… what do you think of me?” Arrogant people are trapped inside themselves. And here’s the irony: arrogance is usually just insecurity wearing a costume. Truly secure people never need to look down on anyone.

Humility doesn’t mean you can’t be confident, either. You can be both at once — quietly sure of who you are, and far more interested in others than in yourself. In fact, that combination is exactly what makes someone magnetic. People are drawn to those who make them feel important, not to those who are busy being impressed with themselves.

And this is close to the heart of God. The Bible says again and again that He opposes the proud but gives grace to the humble. Jesus Himself — with every right to boast — chose to serve, to kneel, to wash feet. If that’s how the King of everything carried Himself, it’s a pretty good model for us.

So think of yourself less. Lift others up. Stay humble. You’ll be happier, you’ll be loved, and you’ll look far more like Jesus.","God can’t stomach arrogance or pretense; believe me, he’ll put those upstarts in their place.",Proverbs 16:5,"By my count, more business leaders have failed and derailed because of arrogance than any other character flaw.",Harvey Mackay,f
male,49,Manipulation,"I know the verse and quote for this one are a little heavy — but this is an area I truly believe you, and honestly everyone, needs to watch out for. It’s manipulation.

Here’s the uncomfortable truth: most of us are surprisingly good at it, myself included. Somewhere along the way — probably over many years and many times when it worked — we learn to manipulate to get our way. It takes a hundred quiet forms: not telling the whole story, adding details that aren’t quite true, carefully timing when and how you share information, steering a conversation — all with the goal of getting what you want, keeping what you have, or dodging what you don’t want to face. The reason it’s so dangerous is precisely that it often works.

But here’s what it costs, and the price is steep: manipulation quietly destroys trust with the very people who love you most. They end up feeling used and misled, even if they can’t put their finger on why. And trust is everything. Think of it like a bank account — every honest, straightforward interaction adds to it, and every manipulation quietly withdraws from it. Empty that account, and the relationship is in real trouble.

As a kid, the consequences for manipulating were small — losing your phone, your screen time, a sleepover — handed down by people who love you unconditionally no matter what. But in the adult world, the stakes climb fast: lost jobs, lost relationships, lost people you hold dear. And there’s something bigger now, too. As an adult, you’re building a reputation and a witness that the whole world can see. Guard it.

So here’s my strange advice: make it your goal to be bad at manipulation. Stop practicing it. Get worse at it, on purpose. Choose to be the kind of person who just says what’s true, asks for what they want plainly, and lets the honest chips fall where they may. The sooner you start, the freer you’ll be.",...know for sure that you will be punished for your sin.,Numbers 32:23,"All sin tends to be addictive, and the terminal point of addiction is what is called damnation",W.H. Auden,f
male,50,The Gift of Being Bored,"Here’s something your generation almost never gets to experience, and it worries me a little: boredom. And the reason is simple — the phone. The moment there’s an empty second, it’s right there in your pocket, ready to fill it with a scroll, a video, a game, a feed that never, ever ends. You never have to be bored again. That sounds like a good thing. It isn’t.

I want to tell you why boredom is actually one of the most underrated gifts in life. When I was young, we didn’t have a screen to escape into, so boredom was just part of things. You’d finish everything you had to do, and then… nothing. Empty time, stretching out in front of you. And here’s what I’ve come to realize: that empty time was a gift, even though it never felt like one — because boredom is where the good stuff quietly begins.

Think about what boredom pushes you toward. Bored, you might finally pick up that book. You might learn something new just because you wondered about it. You might create something — draw, build, write, play. You might take the nap your body was quietly begging for. You might notice someone who could use a hand, and go help them. You might have a long, wandering conversation that becomes one of your favorite memories. Almost every good and creative thing I’ve ever done started in a moment when I had nothing to do.

But a phone fills that space before it can ever do its work. You end up entertained every second and creative almost none. Comfortable every moment, and stretched almost never.

So here’s my genuine encouragement, and I know it sounds backwards: put the phone down and let yourself be bored. Don’t rush to fill every quiet moment. When boredom shows up, treat it as an open door. Take the nap. Learn the thing. Help the person. Make something. Or just sit, think, and be still — the Bible says, “Be still, and know that I am God.” Some of the best moments of your life will grow out of the empty ones, if you’ll only let them.","Be still, and know that I am God.",Psalm 46:10,All of humanity’s problems stem from man’s inability to sit quietly in a room alone.,Blaise Pascal,f
male,51,Being An Adult,"Congratulations! You are, once again, the youngest — the youngest kind of adult there is. Just when you’d finally made it to the top of childhood, here you are, right back at the beginning of something brand new. And I could not be more proud of you. You have your entire life ahead of you now, to live.

So live it well, and live it as it’s meant to be lived, because it’s the only one you’ll ever have on this earth. One of the ways you prepare for eternity is by living a full life here. I hope one or two of the things I’ve told you in these pages will be of real value to you now. Take the very best and worst of everyone around you, mix it with the very best and worst of yourself over all these years, hold it all up against the Bible for a truth test — and then GO FOR IT.

You have such flexibility and such wide-open opportunity ahead of you. I once saw a license plate that said: “If you’re living as if there is no God… you’d better be right.” That’s true — but I think it’s even better the other way around: if you live as though there is a God, you’re right, so enjoy everything He’s given you. And He’s given you so much already. You are blessed — you really are.

So don’t be afraid to make a mistake. Don’t be fearful. You are loved, cherished, prayed for, appreciated, and accepted exactly as you are. My love for you is unconditional — it always has been and always will be. You did enough to earn all of my heart the very day you were born. You are precious, unique, special, significant, valuable, and wanted. I am endlessly impressed by you — your talent, your creativity, your humor, your confidence, your intelligence. I’ve said it before: you are perfectly imperfect.

The only real problem is that it means I now have a grown child — and I’m quite sure I’m far too young for that! You have given me an unbelievable run of years. They haven’t all been perfect, but through every one of them, I have felt incredibly, indescribably proud to be yours.","Don’t stop listening to correction my child, Or you will forget what you have already learned.",Proverbs 19:27,"The future...something which everyone reaches at The rate of sixty minutes and hour, whatever he does, whoever he is.",C.S. Lewis,f
male,52,Praying,"There’s really only one subject left that I need to share with you. It isn’t the 52nd most important thing — it’s just the last one, and in many ways it holds all the others together. I want to tell you how important it is to pray about everything you do.

I genuinely believe we all need what I call “prayer cover” — people praying for us, and us praying for others and for ourselves. It’s one of the most powerful and most overlooked things in the world. Since before you were even born, I have prayed for you without stopping. I believe with all my heart that it has made a difference, and I want to encourage you to bring absolutely everything to God — your challenges, your fears, your hopes, your wildest dreams.

Here’s the truth about the life ahead of you: it is exciting and wonderful, and it is also, at times, very hard. You cannot do it on your own — and the good news is that you were never meant to. Recognize your place in things: it is by the grace of God that you exist and breathe at all. So talk to Him. Ask Him for what you need. It’s easy to ask, because He is more than worth the asking, and He loves you more than even I do — which is saying something.

I have loved sharing all of these thoughts with you across these pages. And now I’ll ask you for one thing in return: please pray for me, too. I mean it — I need it. It matters more to me than any birthday card you could send or any phone call on a holiday. Just talk to God, and mention me sometimes.

Thank you for these years — every single one of them has been a gift. And God willing, we have so many more still ahead. Until then, and always: pray. It’s the last thing I’ll tell you, because it’s the thing that carries you through everything else.",Lord hear my prayer; listen to my cry for mercy. Answer me because you are loyal and good.,Psalm 143:1,One single grateful thought raised to heaven is the most perfect prayer.,G. E. Lessing,f
stepdaughter,1,I Got You,"Let me just say it plainly, because you and I both already know it: divorce sucks. There it is. No sugar-coating, no pretending otherwise. It’s hard and it’s messy and neither of us would have chosen the pain of it.

But here’s the thing I hold onto: out of all of that suckiness, I got you.

You’re not technically “mine” — I know that. But I get something I consider an absolute privilege: I get to love you. And that’s exactly what this whole book is. It’s me, sharing that love with you, one page at a time.

So I’m going to unabashedly pour my wisdom into these chapters — everything I’ve learned, everything I want for you. I do it in love, with love, and for love. That’s the only reason any of it is here.

I hope you’ll treasure these pages. I hope you’ll come back to them. And whatever else you take from this book, don’t ever forget the simplest, truest thing in it:

I love you.","And we know that in all things God works for the good of those who love him, who have been called according to his purpose.",Romans 8:28,Love is not something you feel. It is something you do.,David Wilkerson,t
stepdaughter,2,Don't Compare Yourself to Others,"You would figure that the “competition, comparisons, measuring up, cliques, groups, etc.” would be gone once you leave school and step into adult life. You would think the social pressures, and the wondering about what everyone else thinks and does, would finally go away.

It doesn’t.

I have seen far too many people well into adult life who are still comparing themselves to everyone else. They are still trying to keep up with the rich neighbor, the smart relative, the famous schoolmate, or the popular coworker. It is a waste of time and not worth the effort. You can’t win, but you can lose.

The years growing up are rampant with people comparing where they are, where they are headed next, and what they have accomplished. There is always someone who did better than we did, and someone who did worse. The problem is that not everyone started in the same place — and we know for a fact that these years are NOT the finish line.

We have each been given things we can control and things we can’t. You can’t control the fact that you are bright, smart, beautiful (I’m allowed to say that!), and funny, any more than you can control the house or the country you were born into. But you can control how you respond to conflict, hardship, and success — and how you stay committed to God, family, friends, and even enemies.

Expect the best from yourself no matter what your circumstances. Don’t compare your success or failure to others. Measure your ""place"" against your own dreams and goals, and against what God wants for your life.","A sound heart is life to the body, but envy is rottenness to the bones.",Proverbs 14:30,The truest mark of being born with great qualities is being born without envy.,Francois De La Rochefoucauld (1613 - 1680),f
stepdaughter,3,Seeking Advice from Others,"They say in business that free advice isn’t worth anything. I disagree. Seeking advice to help you make decisions is critical to your success as an adult — and even now. Finding people who have experience you can draw on to make decisions about your life is really valuable. That advice can steer you in the right direction and help you live the life you were meant to live. The formula I use is simple: take in all advice and measure it three ways.

First, does it match up to the Bible? It is the one place I can always trust. Then I pray about it. Why not get the answer straight from the top? What is cool is that even people who aren’t Christians or Jews live by the truth that is in the Bible. Most don’t even know they are following it.

Second, does the person giving the advice have my best interest in mind? (Note: I first seek advice from people who are close to God. Whenever I am seeking real advice, I always look at what their relationship is like with Jesus at that time. Usually I will ask, “How is your walk these days?” From there I can measure the advice.) Do they like me and care for me? People who love you are a great place to get input. Despite my shortcomings at times, that is why you should always ask me for advice — whether you use it or not.

Third, does this person have a personal interest in the question? If so, then I have to be very careful with their advice. This is especially true in relationships. Seeking advice from — or listening to — a boyfriend, for example, on whether to have sex with him before marriage would be a “bad” place to get advice.

Remember, I am your biggest fan, and I will ALWAYS give you an answer that is in your best interest — even if you don’t like it.",“Every word of God is flawless; he is a shield to those who take refuge in him.”,Proverbs 30:5,Successful people follow the same advice they prescribe for others.,Author Unknown,f
stepdaughter,4,Character,"It’s hard not to be a hypocrite. Everyone ends up being one occasionally. For the most part, we start acting like someone we’re not, or trying to be something we aren’t. We say one thing and do another. We try to impress our friends, hide things from our parents, go along with the crowd, and even show off. Sometimes our bad behavior doesn’t look so bad simply because we’re around people whose behavior is worse. Our own odor, while awful, doesn’t seem to “smell” so bad when those around us are much worse!

But the secret to character — and the true measure of any hypocrite — is how you act when you are alone. You can tell who you truly are when you are by yourself and no one else can see you: when it is just God and you. How you behave in those private moments speaks volumes. Are you honest? Do you hold yourself accountable? Are you the same person alone as you are in front of others? If someone were watching, would you be proud of what you did?

Here’s the thing about character: it isn’t built in the big, dramatic moments. It’s built in the small ones, over and over — the times you tell the truth when a lie would be easier, the times you do the right thing when no one would ever know the difference. Every one of those small choices is a brick, and over the years they build the person you become.

The good news is that it works in your favor. If you practice being honest and good when you’re alone, being honest and good in front of others becomes almost automatic. You won’t have to remember which version of yourself to be, because there will only be one you — the same person, everywhere, all the time. That is what integrity really means: being whole, undivided, the same on the inside as the outside.

And if you are ever looking for someone’s character to emulate — Jesus would be a great choice.

Be a person of character first when you are by yourself. Then, when you’re around other people, it will be much easier — because you’ll already know exactly who you are.",Give her credit for all she does. She deserves the respect of everyone.,Proverbs 31:31,"Be more concerned with your character than your reputation, because your character is what you really are; your reputation is merely what others think you are.",John Wooden - Hall of Fame Basketball Coach,f
stepdaughter,5,Forgiveness,"There is probably no stronger attribute a person can have than the ability to forgive and to ask for forgiveness. In many instances it is a very small action on your part, but it has a huge impact on the people you love — and even on those you don’t. The inability to forgive is much harder on you than it will ever be on the other person. When you don’t forgive, you give up control of your peace, your joy, and sometimes your sanity to either the other person or the thing that happened. That is too hard, and way too much to give away.

The most challenging forgiveness for me is forgiving myself. How about you? I do really well when it comes to other people. It is almost easy for me to see the best in them. When you see the best in others — their challenges and their struggles — the things they do to you become much easier to forgive. But it doesn’t always work that way for me. The single hardest thing for me to do is forgive myself. What is crazy is that Christ died on the cross so we could be forgiven. If we don’t forgive others, including ourselves, then what He did was wasted. Even with all that knowledge and comfort, I still struggle in that area.

How are you at forgiving others? Are there things and people you need to forgive? What about yourself? Do you need to ask for forgiveness anywhere? Are you clean there as well? I hope so. I love you too much to have you burdened when the ability to forgive and be forgiven is right there in front of you.

<mark>Just to make sure you are reading these, if you say the word “forgiveness” and give me a high five, I will give you ten dollars.</mark>","For if you forgive men when they sin against you, your heavenly Father will also forgive you.",Matthew 6:14,"Anger makes you smaller, while forgiveness forces you to grow beyond what you were.",Cherie Carter-Scott,f
stepdaughter,6,"Treat you like a ""Queen""","This is the first in a series about men and boys — the guys you’ll date, and ultimately the man you may marry someday. Consider it hard-won perspective on what you should expect, and what you should never settle for.

Minimum requirement #1: he treats you like a “queen.”

I cannot emphasize enough how important it is that you find someone who treats you wonderfully. You deserve to be treated that way every single day — not just sometimes, not “well, this one boyfriend wasn’t really like that.” All the time is the only acceptable answer. If you settle for less in even one small relationship, you start to believe it’s okay to be treated poorly. It isn’t, and it never will be.

Being treated like a “queen” means you are precious, special, respected, cared for, protected when it matters, and — most importantly — you belong to God and should be treated accordingly. This isn’t hard to recognize. You will know it when you see it, and just as importantly, you’ll know when you don’t.

Here’s something worth understanding: the people you choose to date are, in a way, a reflection of how you see yourself. If you choose someone who is selfish, self-absorbed, and completely focused on themselves, it often reveals that you don’t think you deserve better. You do. Don’t ever hand your time and your heart to someone who doesn’t appreciate you. Does that make sense?

So surround yourself with men who lift you up, who genuinely like you and respect you, and — above all — who draw you closer to Christ rather than away from Him. A man who points you toward God is worth a hundred who only point you toward themselves.","Husbands, love your wives, just as Christ also loved the church and gave Himself up for her.",Ephesians 5:25,No one can make you feel inferior without your consent.,Eleanor Roosevelt,t
stepdaughter,7,Men and their Mom's,"Watch how the guys you date treat their mother. It is the best window you will ever have into how they will treat you. If a man treats his mother with kindness and respect, there is a very good chance he will treat you the same way. Think back to when you were growing up — you can probably picture plenty of your friends and how they treated their own moms. Most of my friends were pretty good at it. How were yours?

You can learn an enormous amount about a man by how he treats his mother. Is he kind to her? Does he make fun of her — and I mean mean-spirited, not good-natured teasing? Does he speak to her gently? Does he respect her? Does he lift her up in front of other people, or put her down? Does he honor her? Pay attention, because how he treats the woman who raised him is very likely how he will one day treat his wife.

Here is why this matters so much: he took a lifetime to learn how to treat his mother. Those are deep habits, formed over years, and they don’t just disappear when he meets someone new. People show you who they are over time, in the small moments — not in the way they act when they are trying to impress you.

And while you are watching how he treats his mother, watch how he treats everyone who can’t do anything for him — the waitress, the janitor, the person who makes a mistake. A man’s real character shows in how he treats people he doesn’t have to be kind to.

None of this means you are looking for someone perfect. You won’t find him, and he won’t find a perfect you either. But you are looking for someone whose heart is in the right place — someone kind, respectful, and honoring, especially toward the people closest to him. You deserve to be treated well, every single day. Watch closely, and believe what you see.",Honor your father and mother so that you will live a long time in the land that the Lord your God is going to give you.,Exodus 20:12,How sharper than a serpent’s tooth it is to have a thankless child!,"Shakespeare, King Lear",f
stepdaughter,8,Lying,"You’ve probably read a thousand messages on this subject already, so I’ll keep mine simple.

First: tell the truth, if for no other reason than it’s the easiest thing to remember. Lies require upkeep. The truth just sits there, always the same, waiting for you whenever you need it. A liar needs a good memory; an honest person needs none.

Second, a subtle one: not saying something isn’t the same as lying. One of my favorite movie lines is “You can’t handle the truth!” — and the fact is, sometimes people can’t, and sometimes they don’t need to. If a hard truth won’t help, heal, or lovingly correct someone, you’re not required to say it just because it’s true. Choosing to stay quiet, or to be gentle, isn’t dishonesty — it’s kindness. There’s a big difference between lying and simply not volunteering every blunt opinion you have.

Third, and this is the big one: don’t lie to yourself. This is the lie that does the most damage, because you’re the one person you can never get away from. The recovery programs for drinking and drugs have a step about getting out of “denial” — which is just a fancy word for the lies we tell ourselves. Self-deception always gets worse with time, never better. The truth you avoid today will cost you more tomorrow.

And be sharp about what you take in. We live in a world absolutely flooded with untruth — fake stories, doctored images, confident voices online saying things that simply aren’t so. More than any generation before you, you’ll have to work to find what’s real. Don’t be lazy about it. Just because you read it or heard it or saw it doesn’t make it true. Weigh everything against what you know to be right, and against God’s Word, which never changes.

And stay humble. I once read a prayer in a book that stuck with me: “Lord, help me to forgive, and to accept, those who sin differently than I do.” Hold honesty as sacred — it matters more than ever — but be gracious toward others, because you have your own failings too. Guard the truth, tell the truth, and love the people who are still learning how.","To fear the Lord is to hate evil; I hate pride and arrogance, evil behavior and perverse speech.",Proverbs 8:13,A liar needs a good memory.,Quintilian,f
stepdaughter,9,Wow! You are Special,"I am so proud of you. There’s really no other way to say it. You are something truly special — far more than I ever could have imagined when you first came into my life. And somehow, you keep becoming more.

The joy you bring me is impossible to measure. There are so many things about you that I love — little things, big things, things you probably don’t even know I notice. I am so deeply blessed to have you as my stepdaughter. Not many people get a gift like you, and I get to keep you forever.

I can’t wait to see who you become as you grow. I can’t wait to meet the person you’ll marry someday. And I really can’t wait to see your own children one day — can you even imagine what your kids will be like? Think about that for a second. Pieces of you, running around, being wonderful.

This book is supposed to be 52 things you need to know. This one is the simplest of them all, and maybe the most important:

You are special, and I love you — VERY, VERY much.",My command is this: love each other as I have loved you.,John 15:12,To love is to receive a glimpse of heaven.,Karen Sunde,t
stepdaughter,10,Healthy Eating,"“You are what you eat.” It’s a corny saying, but it really is true. Sadly, there are a ton of bad food choices available all day long, and it seems like the more stress and time pressure we’re under, the worse we tend to eat. Learning to eat well is a genuinely valuable life skill. An understanding of nutrition and health will benefit you for your whole life.

Please forgive the analogy, but your body is a lot like a car. If you put the right fuel in it, take care of it, and treat it the way the “manual” says, it will perform great. If you neglect the engine and only worry about how it looks on the outside, you’ll eventually run into trouble. The big difference is this: with a car, you can always get a new one. Your body is the only one you’ll ever have.

Remember that it all works together — eating well, moving your body, and getting enough sleep all add up to a healthy body you can use to chase every one of your dreams and goals. This isn’t about being a certain size. It’s about being strong and well enough to live the life God has for you.

One honest and important thing: a lot of people — of every age — quietly struggle in this area. Some start to see themselves in the mirror very differently than they actually are, and that can lead to deep pain, and sometimes to eating disorders. If you ever feel confused, anxious, or at war with food or your own body, please don’t carry it by yourself. Come talk to me, or to someone who loves you. There is no shame in struggling, and there is real help. You are never a burden for needing it.

Take care of the body God gave you, treat it with respect, and use it to live a full and joyful life. It’s the only place you get to live — make it a good home.","Do you not know that your body is a temple of the Holy Spirit, who is in you, whom you have received from God? You are not your own.",1 Corinthians 6:19,Take care of your body. It’s the only place you have to live.,Jim Rohn,f
stepdaughter,11,Money,"One of the most valuable things a man I worked for ever taught me came in the form of a hard question. One day he looked at me and said, “Why do you choose to be poor?” I didn’t have a good answer, so I told him I didn’t choose to be poor. He said that based on how hard I worked and the job I was doing, I was, in fact, choosing it.

That felt harsh at the time — and honestly, it’s not the whole truth. Not everyone works for money, and money is far from the only thing that matters. Being poor in money doesn’t make you poor in spirit, poor in friends, or poor in the things that actually count. But buried in his blunt question was something real: for many of us, how much we earn really is more of a choice than we like to admit.

Here’s what I’ve learned since. Plenty of people far less clever than me make much more money than I do. And plenty of people far smarter than me make much less. Making money, in a lot of cases, is a decision — about effort, focus, and the value you choose to create. I came to see it as one useful way of keeping score. Not the only way, and definitely not the most important way — but one honest measure of how well you’re doing what you set out to do.

Now here’s the balance, and it matters: money is a wonderful tool and a terrible master. The Bible doesn’t say money is evil — it says the love of money is. Chase it as your scoreboard for life and you’ll never have enough; no amount satisfies that hunger. But earn it honestly, hold it loosely, use it to bless people, and it becomes a genuine gift.

One more principle I lived by: when I left a company, it would be in a sea of red ink or black ink — but never in handcuffs. Earn it, but always keep your integrity worth more than the money.",Whoever loves money never has enough; whoever loves wealth is never satisfied with their income. This too is meaningless.,Ecclesiastes 5:10,Lack of money is no real obstacle; lack of an idea is an obstacle.,Ken Hakuta,f
stepdaughter,12,What Men say...,"One of the biggest risks we take when we let someone close is that we start to accept whatever they say about us as fact. Their words become our mirror. That’s fine when the person is kind and honest — but it’s dangerous when they’re not, because the people closest to us have the most power to shape how we see ourselves.

Here’s a truth worth holding onto: the person you marry, or seriously consider marrying, should absolutely find you attractive — and you are (there’s no denying that). But far more important than being loved for how you look is being loved anyway — for who you are, on the days you feel beautiful and the days you don’t.

A relationship built mainly on physical attraction is a shaky foundation. And a relationship where a boyfriend — or, worse, a husband — regularly criticizes how you look is not just shaky, it’s harmful. If a man consistently points out what he thinks is “wrong” with you, runs you down about your body, your clothes, or your face, walk away. It doesn’t matter how confident you are today; hearing that year after year will wear a groove in you. No one is strong enough to be criticized forever and stay unhurt.

Please hear me: you don’t have to earn someone’s kindness by changing how you look. A man worth your time will build you up, not tear you down. He’ll make you feel more like yourself, not less. If someone is constantly telling you to lose a few pounds, dress differently, or fix your face — that’s not love talking, and it’s not your problem to fix. It’s your signal to go.

You were made in God’s image, and you are already enough. Don’t ever let someone else’s words convince you otherwise.",What a person desires is unfailing love; better to be poor than a liar.,Proverbs 19:22,To love and be loved is to feel the sun from both sides.,David Viscott,t
stepdaughter,13,The Perfect College Day,"There are 24 hours in a day. Here is what every successful college student figures out — ideally before they ever set foot on campus:

**A Perfect College Day:**
Sleep — 8 hours
School — 3 hours
Eating — 3 hours
Studying — 3 hours
Everything else — 7 hours
Total — 24 hours

If you can figure this out early enough, college will be a genuinely successful experience. You’re given 24 hours every day, and if you can discipline yourself to get enough sleep and study a little every single day, you will do amazingly well. Managing your time is one of the biggest keys to college — bigger than raw intelligence, honestly. Plenty of brilliant people flunk out because no one is making them go to bed or do their work anymore.

Look at that schedule again: even after sleep, class, meals, and studying, you still have seven hours left over every day to have fun, work, join things, and hang out. That’s an enormous amount of freedom. The trick is that the freedom is exactly what makes it hard.

The jump from high school to college is honestly a little alarming. Nobody wakes you up. Nobody checks your homework. Your ability to stay focused in an environment of total freedom is the real adjustment — and it’s where a lot of people stumble. I made sure I went to the library to study, because every time I tried to study in my dorm room I got distracted by everything and everyone. Find your own version of the library — a place where your brain knows it’s time to work.

Study a little every day, protect your sleep, and use your freedom wisely. Do that, and you’ll be amazed how well the rest of college falls into place — including all the fun in those seven hours.",There is an appointed time for everything. And there is a time for every event under heaven.,Ecclesiastes 3:1,Half our life is spent trying to find something to do with the time we have rushed through life trying to save.,Will Rogers (1879 - 1935),f
stepdaughter,14,Pornography,"I know this might sound like a strange subject for a parent to bring up — but it’s a serious one, and I’d rather be honest with you than leave you unprepared. Pornography is a massive addiction in this country, especially among men. It is degrading to women, and it’s harmful all the way around. So be aware of it in the guys you date and spend time with, because it really does eat at a person’s brain and fill it with false images and impossible expectations.

A guy who talks to you about pornography, or mentions something he’s “seen” that you should try, is showing you exactly who he is — and it’s the wrong person to be around. This includes magazines, explicit movies, most of what’s a click away on the internet, and anything else that treats women as objects. Sadly, for a lot of men there’s a very short distance from “barely bad” to genuinely sick. It’s an addiction, and addictions only get worse over time.

I also want you to understand what it quietly does to a person. It takes something God designed to be beautiful — real love and real intimacy between a husband and wife — and trades it for something fake on a screen. Over time it teaches a man to compare the real woman he’s with to images that were never real to begin with. That’s a heartbreaking way to live, and an even harder way to be loved.

Here’s what I most want you to know: you are not a collection of images to be rated and compared. You are a whole person, made in God’s image, worthy of real love and real respect. A man who is captivated by fake, unreal women on a screen will always struggle to truly see and cherish the real, wonderful woman standing right in front of him.

Pornography has no place in a healthy relationship — married or otherwise. Stay away from it yourself, and don’t settle for a man who finds it fascinating. You deserve someone whose eyes and whose heart are fully, completely yours.",God wants you to be holy and to stay away from sexual sins.,1 Thessalonians 4:3,All sins are attempts to fill voids.,Simone Weil,f
stepdaughter,15,Leadership,"It’s hard to teach someone to “give it their best.” That’s especially true in school. Some people never really try, and then feel bitter about the colleges, jobs, and choices they end up with — even though, deep down, they know they didn’t give it their all. You probably know people who are frustrated they can’t get into the school they wanted, yet never actually worked very hard for it. Here’s the truth: your effort counts. Your drive to do well in school can pay off, and it will.

But drive is bigger than grades. Once you know how to work hard — once you’ve felt what happens when you truly pour yourself into something — you’re holding one of the most valuable tools a person can have. The real question becomes: what will you do with it?

Can you apply that same drive to your relationships? To the people and causes you serve? Can you use it to teach others things you’ve already figured out? That’s what leadership actually is — it isn’t a title or a position. It’s taking the effort and ability God gave you and using it to lift other people up.

So let me ask you some real questions. Can you individually change the world? Can you make a difference for Jesus right here on earth? Can you influence a generation, a country, a town, a family — or even just one single person who crosses your path?

The answer is yes.

Not “maybe.” Not “someday, if things go well.” Yes — right now, as you are. God doesn’t hand that kind of drive to someone by accident. He gave it to you on purpose, for a purpose. So work hard, lead by serving others, and go be the answer. The world needs exactly what God put in you.","Commit to the Lord whatever you do, and he will establish your plans.",Proverbs 16:3,The final test of a leader is that he leaves behind him in others the conviction and will to carry on.,Walter Lippmann,t
stepdaughter,16,Words,"For some reason, the older you get, the more your words matter. As a kid, you get a lot of leeway in what you say. Sometimes being young lets you “get away” with comments that get brushed off as just something a kid would say. But as you grow up, those same words don’t get passed over so easily — and more importantly, the responsibility for what you say changes. As an adult, you’re accountable not just for your actions, but for your words. A complaint, a criticism, a careless opinion — it all carries more weight than it used to.

Words are powerful in a way that’s easy to forget, because they feel free and temporary. But they’re not. A kind word can lift someone for a whole day. A cruel one can stick with a person for years — sometimes for life. You probably remember something hurtful someone said to you long ago, word for word, even if they forgot it the moment it left their mouth. That’s how much weight words carry.

So I encourage you to start now — measure your words before you speak them, especially with the people you love most. The people closest to you are the easiest to wound, precisely because they’ve let you in. Your words to me can hurt, and mine to you can too. Be aware of what you’re saying and why you’re saying it.

So many people hurt others, or get hurt themselves, over unkind and flippant words that a little extra care and maturity could have avoided completely. Choose your words like they matter — because they do. And when you get it wrong (you will, we all do), be quick to ask forgiveness. Few things repair a relationship faster than a sincere “I was wrong. Please forgive me.”","A soft answer turns away wrath, but a harsh word stirs up anger.",Proverbs 15:1,The difference between the almost right word and the right word is really a large matter—’tis the difference between the lightning-bug and the lightning.,Mark Twain,f
stepdaughter,17,Gossip,"I’ve experienced the damage gossip does, and I’m sure you have too. It’s corrosive — it hurts the person being talked about, it hurts the person listening, and in the end it hurts the person doing the talking most of all. Nobody comes out of gossip better than they went in.

One of my friends once described three classes of people to me — and he wasn’t talking about money:

**Lowest:** people who talk about other people.
**Middle:** people who talk about themselves.
**Highest:** people who talk about ideas and vision.

It’s a simple test, and it’s stuck with me for years. Listen to what someone spends their conversation on, and you’ll learn almost everything you need to know about them. And every so often, turn that same test on yourself — what do you mostly talk about?

Here’s what I’ve come to understand about why people gossip: usually it’s because they need someone to compare themselves to. Tearing another person down, even just in words, makes their own problems feel a little smaller for a moment. Someone else’s misery becomes a strange kind of comfort. But it’s a cheap comfort that never lasts, and it quietly makes the gossip a smaller person every time.

This is one of those areas where I’ll tell you one thing and then sometimes fail at it myself. I don’t gossip much — mostly because I don’t go looking for it — but when a juicy piece of information lands in my lap, it can be genuinely hard not to pass it along. That’s still gossip, even when it’s true, and I have to catch myself. You’ll be tempted too. We all are.

So here’s the goal: be someone people can trust with their name when they’re not in the room. Don’t be a gossip. Talk about ideas, dream about the future, and when it comes to other people — build them up, or say nothing at all.","They also learn to be idle, going about from house to house, and not only idle but gossips and busybodies, saying things they ought not to.",1 Timothy 5:13,No one gossips about other people’s secret virtues.,Bertrand Russell,f
stepdaughter,18,"""Old"" Friends","Friends are one of the biggest forces in your life. They can shape who you become and what you do more than almost anything else. You’ve heard all the warnings — “if you hang around with trash, you’ll start to smell like it,” and they’re true. Choose your close friends carefully, because you slowly become the people you spend the most time with.

But here I want to talk about a specific, wonderful kind of friend: the old one. I’m deeply partial to my childhood friends, simply because I’ve known them so long. The funny thing is, I don’t have much in common with most of them anymore — different states, different jobs, different lives. What we share is our history. And that turns out to be one of the richest things two people can share.

When we get together, it’s mostly to talk about old times — to laugh about the dumb things we did, said, and believed back when we knew nothing. I treasure those memories, and I love the people who hold them with me. There’s a comfort in being around someone who knew you before — before the job, before the responsibilities, before you had it all figured out (or pretended to).

So stay close to your old friends if you can, even if you rarely see them. You don’t have to talk every week. You don’t even have to have much in common anymore. Some twenty or thirty years from now, you may still be in touch with a few of them, or you may not — but when you do reconnect, you’ll pick right back up, and for that little while, you’ll be close friends again like no time passed at all.

Make good friends now. And then, whatever else changes, keep them.","A friend loves at all times, and a brother is born for a time of adversity.",Proverbs 17:17,In prosperity our friends know us; in adversity we know our friends.,Churton Collins,t
stepdaughter,19,Danger,"I once heard a San Diego police officer share a piece of advice that has stuck with me ever since, and I want to pass it on to you because it could genuinely save your life. Here’s the principle: the first place is always better than the second.

What he meant was this — if someone ever tries to hurt you or take you somewhere, run immediately, right where you are. Because if a person is willing to harm you in public, they intend to do far worse in private. The “second place” they want to move you to is always more dangerous than the first. He gave example after example of people who were talked into going somewhere else and ended up badly hurt. Never, ever let someone move you to a second location. Make your stand — or your escape — right where you are.

Then he got specific, and I want you to remember these:

If someone gets into your car — say, in a mall parking lot — crash it right there, immediately. Don’t drive anywhere. The officer said this holds true even if you have your kids in the car and someone puts a gun to them — you still crash it right there. His reasoning was hard but sound: if they’re crazy enough to threaten you or your children in a public parking lot, they will do far worse once they get you somewhere private.

If someone demands your money, throw it one direction and run the other. If they only wanted the money, you’re fine. If they wanted you, you’ve got a head start.

If you’re in a restaurant or store and someone comes in to rob it, get up and leave right then — don’t wait to see how it unfolds.

Even if someone is standing a few feet away with a weapon, run. He told us most people miss, and the vast majority won’t even fire in public.

Have a plan. Talk through with your friends where and when you’d run. I know it sounds a little dramatic — but he swore it saves lives, and I believe him. Trust your instincts, move fast, and always choose the first place over the second.",The name of the Lord is a strong tower; the righteous run to it and are safe.,Proverbs 18:10,"Out of this nettle, danger, we pluck this flower, safety.",William Shakespeare,f
stepdaughter,20,Confidence,"Confidence is one of the most attractive and useful qualities a person can have — and one of the most misunderstood. A lot of people think confidence is something you’re just born with, like eye color. It isn’t. Real confidence is built, and I want you to know how, because it’s one of the great secrets to doing well in life.

Here’s the truth almost nobody tells you: confidence comes from preparation. It comes from doing the work, putting in the reps, practicing the thing over and over until it’s second nature. The reason a musician isn’t nervous on stage is that she’s played the piece a thousand times. The reason a student walks calmly into a test is that he studied. Confidence isn’t a feeling you conjure out of thin air — it’s the natural result of being genuinely ready. When you’ve done the work, the nerves quiet down, because deep down you know you’re prepared. So any time you want to feel more confident about something, the answer is almost always the same: prepare more. Do the reps.

And here’s the deepest well to draw from: the steadiest confidence of all comes from knowing who God made you to be. When your identity is anchored in Him, you don’t have to fake it or prove it to anyone. But even that confidence still shows up in the doing — so prepare well, trust the work you’ve put in, and walk into the room ready.

So let me leave you with two questions worth sitting with — not just today, but for the rest of your life:

What are you truly confident in right now? Name the things you’ve prepared for, worked at, become genuinely ready for. Be proud of those — you built them.

And what do you wish you felt more confident about? Whatever came to mind — that’s just a place where the work isn’t finished yet. Not a weakness, not a limit. Just your next set of reps. Go put them in, and watch your confidence grow right alongside them.","For God has not given us a spirit of fear, but of power and of love and of a sound mind.",2 Timothy 1:7,"Whether you think you can, or you think you can’t — you’re right.",Henry Ford,f
stepdaughter,21,The Only Measurement,"Jesus Christ is the only answer when there are no answers — and just as importantly, when there are answers. Don’t measure your decisions, your actions, your attitudes, your career, or who you marry against anything or anyone else but Him. If you keep Him as the model, the standard you hold everything up against, you truly cannot go wrong.

Here’s why this matters so much: the moment you start depending on a human being — including yourself — you will eventually be let down. It’s not a maybe; it’s a guarantee. People are people. I’m a great example of that myself. I could parade ten people past you who’d tell you how wonderful I am compared to others they know. But you know, and I know, my own past and my own failures. I’m a decent example in some areas, and I fall very, very short in others. For whatever it’s worth, so does everyone else — even the ones who look like they have it all together.

You’ll fall short too. We all do. Right now, you’re young and blessed, with the whole world in front of you, and the need for Jesus might not feel urgent or obvious. Trust me on this one: you need Him. He is the only help you can truly count on for the rest of your life — the one who never lets you down, never leaves, never changes. Learn to lean on Him now, while the sun is shining, rather than waiting until it’s pouring rain and you’re desperate.

Life was meant to be lived His way. There are other ways — the world is full of them — but none of them are as rewarding, as steady, or as genuinely exciting as the life He offers. Measure everything by Him, and you’ll always know where you stand.",The fear of the Lord is the beginning of wisdom; all who follow his precepts have good understanding. To him belongs eternal praise.,Psalm 111:10,"It ain't those parts of the Bible that I can't understand that bother me, it's the parts that I do understand.",Mark Twain,t
stepdaughter,22,Marry a Godly Man,"Make it a purpose to eventually let the important men in your life become people I know, too. You may roll your eyes at that now, and that’s okay — but someday, letting the people you love and the people who love you know each other will be one of the best moves you can make. The more the people who care about you know the person you’re with, the better it will be for you, and for him.

Now the heart of it: marry a Godly man. And that requires dating Godly men first — if you don’t start right, you won’t finish right. It means actually asking the men you date whether they follow Christ. Here’s the tricky part: some will say yes and genuinely believe it, but not really know Him at all. They think they’re fine because it’s what they’ve always assumed about themselves — but there’s no real relationship there. Don’t settle for that. A man who assumes he’s a Christian is not the same as a man who walks with Christ. Keep looking until you find the real thing.

Two simple questions will tell you a lot:

1. What’s your story of how you met Christ? You know the right answer — and it isn’t “I go to church,” “I was baptized as a child,” or “I’m a Methodist/Catholic/Baptist.” Those are backgrounds, not a relationship. You’re listening for a living, personal faith.

2. Where do you worship now? You’re looking for someone actively growing, bearing fruit, part of a church community. (And here’s a great sign: if he asks you the same questions.)

You want to marry someone you can respect and admire — so make sure he is Godly. When he is, you’ll know he’s relying on someone bigger than himself. Being successful doesn’t mean a man will treat you and your children well. And even loving the Lord is no guarantee. But if he truly loves God, then even if he strays, there’s always a way back — and that is something you can count on. When two people both rely on God, there’s no question without an answer and no problem that can’t be faced together. Don’t settle for less than that. Hold out for it.","What I am telling you is good, So do not forget what I teach you.",Proverbs 4:2,It is very difficult to live among people you love and hold back from offering them advice.,Anne Tyler,f
stepdaughter,23,Anger,"You’ve heard this a million times, and you’ll hear it a million more: holding on to anger buys you nothing. Staying angry and nursing grudges hurts you far more than it ever hurts the person you’re angry at. I repeat it because if you don’t truly get this, anger can quietly take over your whole life. I’ve watched smart, wonderful people get slowly strangled by grudges they refused to put down.

There’s one kind of anger I want to talk about specifically, because it may touch your life more than most: the anger that can come from a family that’s been through divorce, separation, and blending together. It’s real, and I won’t pretend otherwise. Maybe there’s anger at your mom, or your dad, or even at me. If any of that lives in you, I understand — and I want you to know you can always bring it straight to me, without fear.

But here’s the subtle, dangerous thing about this kind of anger: everyone around you will agree you have a “right” to it. People will nod, sympathize, and cut you slack for it — sometimes for a lifetime. And all that permission does is make it so much harder to ever let go. Anger that the whole world approves of is the hardest anger there is to release. Which is exactly why so many kids from divided families carry it for decades, long after it has stopped protecting them and started poisoning them.

Wounds from your past can quietly become crutches and excuses. The people who love you will always give you a pass for them. There’s real help out there too — good counselors and wise people who can help you work through genuine pain, and I’d never want you to avoid that. But be honest with yourself about the difference between healing from something and simply holding onto it. One sets you free; the other keeps you chained to the very thing that hurt you.

And here’s the real secret to letting it go, the one that actually works: you don’t have to carry it alone, and you don’t have to be strong enough to release it by yourself. Give it to Jesus. Hand Him the anger, the grudge, the hurt — all of it — and let Him take it. He can carry what you can’t. Every time it creeps back (and it will), give it to Him again. That’s not weakness; that’s exactly how healing works. Let the anger go, and let Him have it. You’ll be lighter, freer, and far more yourself without it.",Refrain from anger and turn from wrath; do not fret — it only leads to evil.,Psalm 37:8,Anger is never without an argument But seldom with a good one.,George Savile,f
stepdaughter,24,Crying,"I cry pretty easily. I boo-hoo at sad movies, and I’m even more of a faucet at happy, joyful moments. I’m going to cry when you get married, and God-willing, when you have a child of your own. A lot of people are taught to hide this — that tears are weakness, that real strength means a dry face. That’s simply not true, and I don’t want you to believe it for a second.

So why all this talk about crying? Because I want you to know, deep down, that it is healthy to feel things so strongly — good or bad — that they move you to tears. Feeling that much isn’t a flaw. It means your heart is alive and working exactly the way God designed it.

I have seen you cry many times, and I’ll tell you the truth — you are beautiful when you cry. Don’t ever try to shut off the waterworks as you go through life. (The one possible exception is at work, where it isn’t always practical — but even there, don’t be ashamed of it.) Keep crying for joy. Cry at weddings and babies and songs that get you right in the chest.

And when loss comes — because it will — it’s important that you grieve. Not forever, and not in a way that takes over your life, but let yourself actually feel it. Grief is love with nowhere to go, and it deserves its time. With Christ’s strength, you will come through it, every time. Don’t rush yourself, and don’t let anyone tell you that you should be “over it” by now.

Experience everything God has for you, in every kind of emotion — the joy and the sorrow both. So, for “cryin’ out loud”… keep the tears flowing.","His anger lasts only a moment, but his favor lasts a lifetime; weeping may stay for the night, but rejoicing comes in the morning.",Psalm 30:5,Those who do not feel pain seldom think that it is felt.,Samuel Johnson,t
stepdaughter,25,Memories,"Your memory is not as good as you think it is. That’s a hard lesson to learn, but once you accept it, life actually gets easier. I’ve noticed that I remember how bad the “bad” things were, but I don’t always remember the good as clearly. And the bad tends to look even worse in the rearview mirror — I forget the context, the circumstances, all the surrounding pieces that were part of the real story.

There’s so much I’ve simply forgotten over the years. Some of it is gone forever; some comes back only when a person or a place reminds me. I cherish the memories I’ve kept, because sometimes they’re all I have left of the past.

Here’s the thing to watch out for: a lot of people live their whole lives carrying baggage tied to a single memory. They can’t recall the whole event — just fragments — and those fragments hold them hostage for years. And it isn’t always a bad memory that traps someone. Sometimes it’s a good one. You know the type — the people who “peaked” in high school and never wanted to leave it: the football star, the girl who always had a boyfriend, the guy with the coolest car. A good memory can hold you back just as surely as a bad one, if you let it become the best thing that ever happened to you.

So as you go forward, don’t rely on memory alone. Much of what happened to you as a child, you remember through a child’s eyes — sometimes that’s sweet, sometimes it’s distorted. When something from the past is weighing on you, ask the people who were there what they remember. Everyone’s version will be a little different, and that’s exactly the point: there was always more to the story than the piece you’re holding.

Getting other perspectives will keep you free — free from both the bad memories and the good ones that can quietly hold you back from becoming everything God made you to be.",I will forgive their wickedness and will remember their sins no more.,Hebrews 8:12,"Not the power to remember, but its very opposite, the power to forget, is a necessary condition of our existence.",Sholem Asch,f
stepdaughter,26,The Bible,"There’s something a little funny — and a little humbling — about spending all this time giving you my advice, hoping you’ll read every word. Because the honest truth is this: you’d be far better off setting this whole book down and just reading the Bible instead. That goes for everything I say, and everything every other man and woman on earth has ever said — including you. Next to God’s wisdom, all of us are working with tiny, cloudy little perspectives.

At your age, you’ve seen very little of this world. I’ve seen more than you — and I still know almost nothing. That’s not false modesty; it’s just true.

There’s a story I love about this. Two men were arguing, and one insisted there was no God. After going back and forth for a while, the other man pulled out a paper plate and said, “Imagine all the knowledge that could ever exist — everything that could possibly be known about this world — is represented by this plate. How much of it do you think you know?” The first man took a pen and made a single tiny dot. The other man smiled and said, “Don’t you think, somewhere in all the rest of that plate, there just might be something you don’t know — something that could make you wrong?”

That’s the whole thing, really. We know so little, and God knows all of it. So read His Word. Not once — over and over, for the rest of your life. It will teach you, correct you, comfort you, and steady you in ways nothing I write ever could.

I’m grateful you’re reading these pages, and I know it’s because you love me — that’s the only reason I get to share these life lessons with you at all. But please hear me clearly: it’s all garbage compared to what God has to say. My deepest hope is that my advice simply echoes His. You already know that’s true. I just needed to say it out loud, and to make sure you knew that I know it too.","All Scripture is God-breathed and is useful for teaching, rebuking, correcting and training in righteousness.",2 Timothy 3:16,You can learn more about human nature by reading the Bible than by living in New York,William Lyon Phelps,f
stepdaughter,27,Cut Your Losses,"If a guy doesn’t treat you like you’re the only woman in the world to him… dump him. I mean it. Don’t ever let yourself believe that some man is better than you, or that he has any right to treat you as anything less than the queen you are. (You’ve heard me use that word before, and you’ll hear it again, because it’s true.)

Here’s what happens when you allow someone to treat you badly: first, he loses respect for you — people rarely value what they’re allowed to mistreat. And second, far worse, you start to lose respect for yourself. That’s the real damage. Every time you accept less than you deserve, you quietly teach yourself that less is all you’re worth. It isn’t.

Now, not every guy is going to treat you like a queen — and that’s okay. That’s just life. The key is what you do next: you don’t go out with him again. One chance to show you who he is; after that, believe him.

There will be times when you’re the one doing the chasing — when you’ve decided some guy is perfect, or just right, and you pursue him. And sometimes you’ll catch him, only to discover he doesn’t treat you well at all. When that happens, don’t twist yourself into knots trying to make it work. Just recognize the simple truth: he has bad taste, and you made a mistake. Both fixable.

Fishermen have a term for this — “catch and release.” Just because you decided to chase a guy, and even managed to catch him, does not mean you have to keep him. If he’s not right, throw him back. There are better fish, and you have all the time in the world. Never, ever settle for someone who doesn’t treasure you.","I praise you because I am fearfully and wonderfully made; your works are wonderful, I know that full well.",Psalm 139:14,"’Tis strange what a man may do, and a woman yet think him an angel.",William Makepeace Thackeray,t
stepdaughter,28,Abortion,"This is a hard subject, but an important one, and I’d be failing you if I stayed quiet about it. Let me start with the most important thing: the surest way to never face this decision at all is to save yourself for marriage. I want that for you deeply — we talk more about it elsewhere — and it’s the first and best protection I can offer you here. But because life is complicated and people I love sometimes end up in hard places, I want you to know where I stand — so you can help a friend, or, if it ever came to it, so you’d know exactly what I’d say to you.

I’ve known a number of women who have had abortions — you may know some yourself, even if you don’t know their story. The ones who’ve been honest with me carry a sorrow that’s almost impossible to put into words. Deep down, they know a life was ended, and that knowledge stays with them.

I’ve also known young women who had children very early — one at fifteen, another at seventeen — and placed them for adoption. They’ll tell you honestly that they regret the choices that got them there. But not one of them regrets that their child is alive today. There’s no hidden burden, no lasting damage — just the quiet peace of knowing that a hard mistake didn’t become a permanent one, and that someone is alive because of the harder, braver choice.

Sometimes people justify it because the man wanted it to happen, or didn’t want any responsibility. If that is the case, then don’t let them lead in this situation. A child’s life is far more important than anyone’s embarrassment, reputation, fear of telling parents, or convenience.

Here’s the heart of it: abortion is an easy short-term solution with heavy lifelong consequences. Adoption is a hard short-term choice with beautiful, lasting ones.

And if you ever find yourself frightened and unsure — sure you can’t tell me — please hear this now, while it’s calm: come to me. There is nothing you could ever do that would make me stop loving you, and no problem we can’t face together. There is always another way, and there is always grace. You will never have to walk through anything alone.","Before I formed you in the womb I knew you, before you were born I set you apart.",Jeremiah 1:5,There is one thing alone That stands the brunt of life throughout its course; A quiet conscience.,Euripides,f
stepdaughter,29,Respect,"There’s a shift coming in our relationship that I want you to see ahead of time, because it’s a good one. Right now, while you’re young, honoring me mostly means doing what I say. That’s how it should be — it’s my job to guide you, and yours to trust that guidance. But that’s not where it ends. As you grow into an adult, honor changes into something deeper and better: not obedience, but respect — the kind two grown people choose to give each other.

That’s really what this chapter is about: the new relationship you and I get to build once you’re grown. It won’t be parent-over-child anymore. It’ll be two adults who love each other, treating each other with respect — and I can’t wait for it.

Here’s what respect between us will look like. It means we measure our words with each other, especially in the heated moments. It means you can disagree with me — openly, as an equal — and still honor me, and I can do the same with you. It means neither of us has to be perfect or pretend to be. I’ve never wanted a child who just nods along, and I won’t want an adult child who does either. Real respect has room for honest disagreement; that’s what makes it real.

This matters enough that God made it one of the Ten Commandments: “Honor your father and mother.” Notice He didn’t put an expiration date on it. The way you honor me will change as you grow — from obeying, to respecting, to one day maybe caring for me the way I once cared for you — but the honor itself is meant to last a lifetime.

So let’s build it together: a relationship rooted in respect, strong enough to hold disagreement, and warm enough to last the rest of our lives. That’s one of the greatest gifts we could ever give each other.","Honor your father and your mother, so that you may live long in the land the Lord your God is giving you.",Exodus 20:12,An injury is much sooner forgotten than an insult.,Lord Chesterfield,f
stepdaughter,30,Travel,"Travel anywhere and everywhere you possibly can. Very few things will help you grow — as a young person and long into adulthood — the way travel does. The more people you meet, and the more you see them in their own homes, their own countries, their own ways of living, the wiser and more understanding you become.

There is nothing quite like witnessing how other people live to help you understand your own life. When you see families with far less than you have who are somehow full of joy, it rearranges something inside you. When you see how differently people in another country eat, worship, work, and raise their children, you stop assuming your way is the only way — or even the best way. Travel is one of the great cures for a small, self-centered view of the world. It grows your gratitude and your compassion at the same time.

It also does something for your faith. When you stand in a place completely different from home and realize God is there too — loved and worshiped by people who look nothing like you and speak a language you don’t understand — the world gets bigger and God gets bigger right along with it. His family is vast, and you’re one small, treasured part of something enormous.

Your “world” is already far smaller than the one I grew up in. The internet has shrunk it — you can see and reach almost anywhere in an instant. That’s a gift, so use it: connect with people who are different from you, learn about lives unlike your own. But don’t let a screen be a substitute for actually going. Nothing online compares to standing somewhere new, with your own two feet on the ground.

So go. See it. Meet people. Get a little lost. You will come home a bigger, kinder, more grateful person every single time.",For he looks to the ends of the earth and sees everything under heaven.,Job 28:24,"For my part, I travel not to go anywhere, but to go. I travel for travel’s sake. The great affair is to move.",Robert Louis Stevenson,t
stepdaughter,31,Working Hard,"Here’s one of the most encouraging truths I can give you: hard work requires no intelligence, no money, no advantages, and no connections. It doesn’t matter who your parents are, what you were born with, or how you compare to anyone else. Effort is the one path to success that is completely available to you, every single day. All it asks for is commitment and perseverance — and those are choices, not gifts.

Your ability to work hard in school will be a huge advantage to you for the rest of your life — and not just in a career. Once you’ve learned how to truly work at something, you can apply that same effort to the things that matter most: your marriage someday, raising your kids, staying close to your friends, and above all, your relationship with Christ. Hard work isn’t just for jobs. It’s for everything worth having, because nothing worth having comes easy.

You have real talent and real skills. When you combine them with genuine effort, there’s very little you can’t accomplish if you set your mind to it. But here’s the part most people miss: it isn’t only about how hard you work — it’s about what you work hard on. It all comes down to your priorities.

So let me give you an order worth keeping for life. Put your effort and your priority into these, in this sequence: first your relationship with Christ, then your family (and once you’re married, your spouse comes first, even before your parents and children), then your health, then your work or school, and then your friends. All of them matter. But when you keep them in that order, everything tends to fall into place. When you get the order backwards, even good things start to crowd out the most important ones.

Work hard. Work hard on the right things, in the right order. Do that, and you will not just succeed — you’ll build a life that actually means something.",One who is slack in his work is brother to one who destroys.,Proverbs 18:9,Hard work beats talent when talent doesn’t work hard.,Tim Tebow,f
stepdaughter,32,Never Ever,"Read this one carefully, because I mean every word with everything in me. There is no instance — under any circumstance, ever — in which a man should strike you, in any form or fashion. None. Not “it was an accident.” Not alcohol. Not drugs. Not because you supposedly behaved badly, or provoked him, or even hit him first (which you should never do either). Not his rough past, his parents, his friends, his job, a bad day, money troubles, or stress over the kids. I could list reasons all day, and not one of them counts. There are no conditions whatsoever.

If it ever happens — even once — it is never your fault, and you need to get out as fast as you can. Call the police. Call me. Call anyone you trust who can help you. Don’t explain it away, don’t give him “one more chance,” don’t believe the apology and the flowers. Here is the hard truth: if a man hits you once, he will hit you again, and eventually he will hit your children too. You can absolutely count on it. It does not get better. It gets worse.

Now here’s how you avoid ever being in that situation: watch his temper long before it ever gets near you. How does he handle frustration? What does he do when he’s angry, when he loses, when things don’t go his way? Does he punch walls, break things, rage at other drivers, scream at waiters? Those are not small things — they are the early signs, and the Bible itself warns clearly against binding yourself to a person ruled by their temper.

You are precious, and you were made to be cherished — never feared into silence. A man who truly loves you will protect you, not harm you. Never accept anything less, not for a single day. And if you’re ever in it, come to me. No shame, no judgment, no lectures — I will help you, always.","A fool always loses his temper, but a wise man holds it back.",Proverbs 29:11,The worst tempered people I’ve ever met were the people who knew they were wrong.,Wilson Mizner,f
stepdaughter,33,Money is a Tool,"Money is a tool — nothing more, nothing less. You work to live, not live to work. Any other idea about money will only bring you pain and heartache someday. Money doesn’t make you a better person or a worse one. It can’t buy happiness; the most it can buy is a feeling of financial security. And while knowing you’re not headed for the poor house is genuinely nice, that feeling alone will never fill your life or your heart.

Think about what a tool actually is. A hammer is wonderful for building a house and useless for making you happy. Money is exactly the same. Use it for what it’s good for — providing, building, blessing, helping — and don’t ask it to do the things only God and people can do. The moment you expect money to give you peace, worth, or love, it will fail you, because that was never its job.

So be open-handed with it. Give it to God first, then to your family, then to friends and to people and causes in need — in that order. Generosity is the surest sign that money is your tool and not your master. If you grip it too tightly, one of two things happens: you lose it, or worse, you spend your whole life afraid of losing it, which is its own kind of poverty.

Hold money loosely. Earn it honestly, use it wisely, give it freely, and never let it become the thing you measure yourself by. There will always be people with more and people with less, and none of that will tell you a single true thing about your worth.

Here’s the whole chapter in one line: money is not important. It is serious — it deserves your attention and your care — but it is not important. Don’t ever confuse the two.","As goods increase, so do those who consume them. And what benefit are they to the owners except to feast their eyes on them?",Ecclesiastes 5:11,A wise man should have money in his head; not in his heart.,Jonathan Swift,t
stepdaughter,34,New College Friends,"Your friends are a reflection of who you are and what you do. We can’t really live without them — and if we pick the wrong ones, sometimes we barely live at all. So pick great friends in college, and be a great friend in return.

Here’s the most important thing I can tell you on this subject: actively look for Christian friends who genuinely love Jesus. Not people who just say they’re Christian, or grew up going to church — look for the ones whose faith is real and alive, who love the Lord and let it show in how they treat people. Those friends will do something no one else can: they’ll point you back toward God when you drift, pray with you when things get hard, and celebrate with you in a way that’s rooted in something eternal. Seek them out on purpose. They are worth more than any other kind of friend you’ll make.

Real friends are with you through the good and the bad. They know you, accept you as you are, and care enough to correct you when you need it — always making sure you understand they love you just the same. College will hand you a whole new set of people to choose from, so choose very, very wisely, because friends will influence you one way or the other. You’ll meet people who grew up in completely different worlds than you did — some in better environments, some in worse. Make sure the ones you pull close build you up and bring you joy, and make sure you do the same for them.

Almost everyone, at some point, gets tangled up with a friend who’s bad for them. You can usually feel that it’s wrong, but by the time you notice, you’ve already let them close, and letting go feels impossible. Watch out especially for the people who seem like they’ve “lived more” — done wilder, riskier things and come out fine. Here’s the truth: they didn’t live more. They dodged a bullet. And the next time, they might not — and the first time you try it, you might not either. Before you follow anyone down that road, ask yourself two honest questions: Can you live with the consequences? And do you want to?

So let go of bad friends — better yet, don’t start with them. And someday, I’d truly love to get to know the good friends you make. Bring them around. Nothing would make me happier.","One who has unreliable friends soon comes to ruin, but there is a friend who sticks closer than a brother.",Proverbs 18:24,The only reward of virtue is virtue; the only way to have a friend is to be one.,Ralph Waldo Emerson,f
stepdaughter,35,A Great Communicator,"Communication is the key to almost everything you’ll do. It shapes your relationships with your family, your friends, your coworkers, your teachers — everyone. If you want the kind of success and the kind of life you dream about, you’ll have to become a great communicator. It doesn’t matter whether you’re a person of few words or many; what matters is that you learn to connect with people clearly, honestly, and kindly. Let me give you three kinds worth mastering.

**Respectful communication.** This is the foundation. Acknowledge people when they walk into a room. Look them in the eye. Offer a strong handshake. Recognize how someone is feeling, and take it seriously. Call people back when you say you will. These small things tell people they matter — and how you make people feel is something they never forget.

**Truthful communication.** Tell people the truth, but always in love. That means not lying, and not dodging hard conversations just because they’re uncomfortable. It means being kind with your words — honest without being harsh or cruel. It means telling people what they need to know in time for it to matter. And it means being someone who can keep a confidence: a person whose word is good, who doesn’t traffic in gossip, who can be trusted with what’s private.

**Loving communication.** This is the one people neglect most, and it’s the most important of all. It’s so easy to feel love and never actually say it — to assume the people close to you just know. They don’t always. Tell the people you love that you love them, out loud and often. Make the time and effort to truly connect with them, not just pass by them. Be the one who reaches out first, who picks up the phone, who says the thing that’s easy to feel but hard to say. Love that stays silent doesn’t do anyone much good.

Master these three, and you’ll open almost every door worth walking through — in your work, your friendships, and most of all, your family.",The Spirit of the Lord spoke through me; his word was on my tongue.,2 Samuel 23:2,"Communication is not only the essence of being human, but also a vital property of life.",John R. Pierce,f
stepdaughter,36,I Love you Anyway,"“I love you.” Those may be the most powerful words on earth. For a lot of people, they’re like oxygen — you don’t realize how much you need to hear them until you’re not getting them. Here’s something important to understand early: love is a choice, not a feeling. It’s an action, a decision to love someone right where they are, on their best days and their worst.

I once saw a skit at church that has stuck with me ever since. It laid out three ways people say “I love you,” and only one of them is real:

**Wrong — “I love you BECAUSE…”** you love me, you behave, you’re smart, you don’t talk back. That’s love with a reason, and reasons can change.

**Wrong — “I love you IF…”** you get good grades, you agree with me, you do what I want. That’s love with a condition, and conditions can be failed.

**Right — “I love you ANYWAY.”** No matter what. There is nothing you could ever do to make me stop loving you.

That’s how I love you — anyway, always, no matter what. And it’s how I hope you’ll learn to love others. When your love comes with a “because” or an “if,” it gets complicated and it quietly wounds the people who most need to feel secure with you. Love that has no conditions is the only kind that actually holds.

So love people anyway. And tell them — out loud, all the time. It makes a bigger difference than you can imagine. It doesn’t even matter if you’re mad or hurt in the moment; you can still love someone you’re angry with. It might be a little harder that day, but the love is still there, still a choice, still yours to give.","Love always protects, always trusts, always hopes, always perseveres.",1 Corinthians 13:7,Love and a cough cannot be hid.,George Herbert,t
stepdaughter,37,Consequences,"For everything we do on this earth — and for some things that are done to us — there are consequences. Sometimes they’re good, sometimes they’re bad, but they always come. You can count on it. And here’s what changes as you grow up: the consequences get bigger. As an adult, you have far more freedom to act, which means far more power to create consequences — for yourself, and for the people around you.

Look at how the stakes rise from childhood to adulthood:

As a child, if you misbehave, you get grounded. As an adult, if you break the law, you go to prison.

As a child, if you crash the car, your parents pay for it. As an adult, you pay — and depending on what happened, the cost can be far steeper than money.

As a child, if you wander off to the wrong place, you might get lost or scolded. As an adult, the wrong place at the wrong time can put you in real danger.

As a child, if you won the lottery, your parents would have to collect it for you. As an adult, you get to keep it (well — minus what the taxman takes).

You get the point. The freedom of adulthood is wonderful, but it comes with real weight. You’ve watched me reap the consequences of my own actions — the good ones and the bad ones — and you’ve seen how they rippled out and affected you, too. That’s how consequences work: they rarely stay contained to just the person who caused them.

Here’s the most important thing to remember: you can’t always see or measure the consequences before you act. No matter how carefully you think a decision through, some outcomes only reveal themselves afterward. So move thoughtfully. As you make your choices as an adult, keep one eye on the consequences — good and bad — and always consider the impact your decisions will have, not just on you, but on everyone your life touches.","Remember this: whoever sows sparingly will also reap sparingly, and whoever sows generously will also reap generously.",2 Corinthians 9:6,You can do anything in this world if you’re prepared to take the consequences.,W. Somerset Maugham,f
stepdaughter,38,Treating the Things You Own,"One of the clearest signs of a person who’s truly grateful for what they have is how well they take care of it. It sounds small, but it isn’t. The way you treat whatever is in your hands quietly reveals the way you see everything — as a gift to be honored, or as something disposable. And I’ll be the first to admit this is an area where I can do better too. So we’re learning this one together.

Practically, this means taking care of whatever you have — your clothes, your phone, a car, your home, your money, and most of all your body, which is the most important thing you’ll ever be trusted to care for. And here’s the heart of it: you take care of things well regardless of what they are. An old, beat-up car gets treated with just as much care as a brand-new one. Modest or fancy, big or small, new or worn out — it doesn’t matter. You care for what you have because caring for it is right, not because of what it’s worth or what it might get you.

This isn’t just my opinion — it’s a biblical principle. Again and again, Scripture teaches that the person who is faithful with a little is trusted with more, and that how we handle what we’ve been given matters deeply to God. Jesus told a whole parable about it. Being faithful in small things is how you’re shaped into someone who can be trusted with big ones.

In Christian language, this idea has a name: stewardship. It means understanding that nothing you have is ultimately yours — it’s on loan from God, entrusted to your care for a while. Your money, your job, your responsibilities, your relationships, even your children someday.

So take care of what’s in your hands — not out of vanity, and not to get more, but out of gratitude. Be a great steward of everything, big and small. It’s one of the quietest, truest ways to say “thank You” to the God who gave it all in the first place.","Whoever has will be given more, and they will have an abundance. Whoever does not have, even what they have will be taken from them.",Matthew 13:12,Property has its duties as well as its rights.,Thomas Drummond,f
stepdaughter,39,Sometimes No Advice is Better,"When you are right in the middle of God’s will, you know it by the Bible, by prayer, and by those around you who are Godly and have wisdom. Stay there and keep your path.

Don’t listen to anyone else, **including me**.","I can do all things through Christ, who gives me strength.",Philippians 4:13,I know God will not give me anything I can't handle. I just wish that He didn't trust me so much.,Mother Teresa (1910 - 1997),t
stepdaughter,40,"Alcohol, Drugs & Tobacco","Don’t drink and drive. I know it sounds simple, but I mean it — don’t. And don’t ride with people who have been drinking, either. I did, and it is by the sheer grace of God that I’m alive to write this. If even one of those nights had gone wrong, it would have wrecked my life and other people’s lives forever. You will get the chance to make that choice, and the risk is never worth it.

The simplest advice about alcohol, drugs, and cigarettes is to stay away, and I hope so far you have. Here’s the trap: you can’t know whether you have an addictive streak until it’s too late to undo it. Some people get hooked far faster than others, and no one thinks it’ll be them. Stay away, and you never carry that risk at all. I’ve also watched too many smart people stay trapped by cigarettes for decades because they simply can’t stop. I never wanted anything to have that kind of control over me, and I don’t want it to have control over you.

I want to say something specifically about drugs, because the world is far more dangerous now than it was when I was young. It used to be that experimenting was risky. Today it can be deadly the very first time. People are putting powerful, lethal substances into pills and powders that look completely normal — so you cannot trust that anything is what someone tells you it is. A single bad decision, or one moment of trusting the wrong person, can end everything. There is no “just once” that is worth that. Please don’t take the chance. I need you here.

One more, and it’s serious: be very careful about drinking around men. To be clear, not every man is a risk — most aren’t. But there is nothing more awful than a girl being taken advantage of because she wasn’t in control of herself, and there are men — even ones who seem nice — who will do exactly that if given the chance. Don’t hand anyone that opportunity. When you stay in control of your body and your mind, you protect yourself, and everything goes better.",Wine is a mocker and beer a brawler; whoever is led astray by them is not wise.,Proverbs 20:1,The best way to avoid a bad habit is to never begin it.,J.C. Penney,f
stepdaughter,41,Embarrassment,"Almost as destructive as fear, anger, or arrogance is letting embarrassment run your life. This is an area I’ve always struggled with, and it has genuinely cost me. I won’t tell you not to feel embarrassed — that’s nearly impossible, we’re wired for it. What I’ll tell you is this: don’t let it control you or make your decisions for you.

I can remember so many times I missed out on something simply because I was embarrassed, or afraid I might be. Here’s an honest one: there were times I didn’t ask someone out because I was scared of being embarrassed if they said no. And the strange part? It wasn’t really the rejection I feared — it was other people knowing I’d been rejected. Pretty silly when I say it out loud, isn’t it? But that’s exactly how embarrassment works: it magnifies what other people think until it’s bigger than what you actually want.

You know people who don’t seem to get embarrassed by anything. Maybe, from your point of view or mine, there are a few things they should be a little embarrassed about! But look closer: they don’t let other people’s opinions dictate what they say, who their friends are, what they wear, or what they love. And quite frankly? They seem to carry so much less baggage than everyone else. There’s real freedom in that.

Here’s the truth worth remembering: the vast majority of the embarrassment we feel is completely false — a fear of judgment that mostly lives in our own heads. Most people are far too busy worrying about themselves to be thinking about you at all.

So let me ask you to sit with two questions. What actually embarrasses you? Be honest — name the things you avoid, the moments you shrink back from, the stuff you’d never want people to see. And then the more important one: should it? When you really look at each thing, is it worth the power you’ve handed it? More often than not, you’ll find the answer is no — and just seeing that can start to set you free.

There are so many amazing things you’ll get to do and experience in this life. Don’t let the fear of a little embarrassment hold you back from any of them. Feel it if you must — then go do the thing anyway. It is never worth what you’d miss.","For you have been my hope, Sovereign Lord, my confidence since my youth.",Psalm 71:5,"If you're never scared or embarrassed or hurt, it means you never take any chances.",Julia Sorel,f
stepdaughter,42,My Thoughts,"You’re becoming an adult. That still amazes me. Before long we’ll do all the grown-up things together — vote, navigate the world side by side, make big decisions as two adults who love each other. (We can even split a pack of cigarettes… kidding. Please never.)

Thank you. Thank you for all the years we’ve shared — I remember every stage of them, and I treasure them. The day you became part of my life was one of the most special days I’ve ever known. I had no idea what an absolute miracle you would turn out to be, or how completely you would become my own. From the start, you filled my heart in a way I never expected. You can’t fully understand that yet — but God willing, someday you’ll hold your own child and finally know exactly what I mean.

Here’s a confession as you grow up: I’m ready to have a child who’s becoming an adult — and at the very same time, I will always see you as my girl. Both of those things are completely true, and they always will be. So please be patient with me as I learn to talk to you and treat you as the adult you’re becoming (who will, forever, also be my girl). It’s a new skill for me, and I won’t get it perfect.

Because here’s what I’m most excited about: I cannot wait to have a grown-up relationship with you — two adults, still the two of us, but able to share life on a whole new level. I truly believe it will be the best season we’ve ever had together. The years we’ve shared were precious. But this next part? This could be the best of all.

So let’s get started. Right now.

DO LIFE!","Children are a heritage from the Lord, offspring a reward from him.",Psalm 127:3,Making the decision to have a child is momentous. It is to decide forever to have your heart go walking around outside your body.,Elizabeth Stone,t
stepdaughter,43,Fear,"Fear is one word that will imprison you if you don’t fight it, and keep fighting it, all your life. The first step is simply to be aware of when you’re afraid — to notice it, name it, and see it for what it really is. You’ve heard me say it before, and I’ll say it again: face your fears. I’m sure certain people come to mind right now when you think of someone ruled by fear. Don’t become one of them.

Fear, left unchecked, can quietly wreck a whole life. People afraid of flying never see the world. People afraid to trust never let anyone close enough to truly love them. People afraid of not having a paycheck stay in dead-end jobs for decades, slowly dying a little each day. In almost every case, the fear costs them far more than the thing they were afraid of ever could have.

Here’s something worth understanding: most fear isn’t even real. Some people call it “False Evidence Appearing Real.” The kind of fear you feel when there’s actual danger right in front of you is a gift — it protects you, and you should listen to it. But the fear that imprisons people is almost always the made-up kind: a frightening story we tell ourselves about a future that hasn’t happened and probably never will. We build it in our own minds, then live as though it’s certain. So when fear grips you, learn to ask one honest question: is this a real danger right now, or am I making this up? You’ll be amazed how often the answer sets you free.

Here’s where faith changes everything. When your security is anchored in God, fear loses most of its grip, because you know that whatever happens, you are held. You don’t have to be fearless on your own strength — you just have to trust the One who is.

And there is exactly one fear worth keeping. The Bible says, “The fear of the Lord is the beginning of wisdom.” That kind of fear isn’t terror — it’s awe, reverence, a deep respect for how big and holy God is. That fear doesn’t shrink your life; it opens it up. Fear God, and you’ll have far less reason to fear anything else.",The Lord is my light and my salvation — whom shall I fear? The Lord is the stronghold of my life — of whom shall I be afraid?,Psalms 27:1,Let me assert my firm belief that the only thing we have to fear is fear itself.,Franklin D. Roosevelt,f
stepdaughter,44,Jesus is Lord and Savior,"This may be the most important chapter in this entire book, so read it slowly. The whole Christian life comes down to two words in the title — Savior and Lord — and they mean two different things.

The Savior part is a decision. It’s the moment you accept Christ, admit you can’t save yourself, and submit to Him. That’s how you’re forgiven, and that’s how you get to heaven. It’s a gift you receive, not a prize you earn — you simply say yes. If you’ve never truly made that decision, I hope with all my heart that you will. Nothing matters more.

The Lord part is harder, and it lasts a lifetime. That’s when you actually try to live your life to please Him — day by day, choice by choice. You do it out of gratitude, because once you really see it, you realize everything good in your life is a gift: your mind, your health, your family, your home, the country you were born into, the opportunities in front of you — it is all by the grace of God. You didn’t earn any of it. It was given.

He is bigger than any problem you will ever face. Let me say that again, because you’ll need it someday: He is bigger than any problem you will ever face. When you center your life on His standards, you have something solid that never moves. Center it on your own, and the ground keeps shifting under you.

So live by His standards — not out of fear or obligation, but to please the God who made you and loves you. And here’s the beautiful part: since He designed you, when you live His way, you’re finally running the way you were built to run. There’s a peace and a rightness in living as your Maker intended that you simply can’t find anywhere else.

Savior first. Then Lord, for the rest of your life. Everything else in this book is just details next to this.","Jesus answered, “I am the way and the truth and the life. No one comes to the Father except through me.”",John 14:6,A man who was merely a man and said the sort of things Jesus said would not be a great moral teacher. He would either be a lunatic — or else the Devil of Hell.,C. S. Lewis,f
stepdaughter,45,Pride,"Nobody wants to be prideful — and yet every single one of us struggles with it. Pride is a strange kind of destruction, because it’s entirely self-inflicted. No outside enemy required. It’s just each of us slowly developing a warped, inflated picture of ourselves in some area of life. We start to believe, as the old saying goes, that our “pooh doesn’t stink.”

And the wreckage is real. Pride quietly costs people jobs, friendships, opportunities, even marriages. It sneaks up on you — you rarely notice it in yourself until after it’s already done the damage. That’s what makes it so dangerous: the proud person is always the last to know. The Bible says God actually hates pride, and having watched what it does to people, I understand why.

Here’s another thing worth knowing: pride is ugly. For all the effort people put into looking impressive, arrogance and pride are deeply unattractive to almost everyone around them. It repels the very people it’s trying to impress. So watch for it. Beware of it. Check yourself for it regularly, because it grows in the dark.

But I don’t want to leave you on a downer, so let me end somewhere better — with a twist on the very same word.

There’s a phrase in English: pride and joy. It doesn’t mean arrogance at all. It means someone or something cherished, valued, and loved above all others — the thing you’re most grateful for, the treasure of your life.

And that, my girl, is you.

You are my pride and joy. Not the sinful kind of pride — the good kind, the kind that means my heart swells with gratitude every time I think of you. So while you guard against pride in yourself, never forget that you are someone’s pride and joy. You always have been. You always will be.",First pride-then the crash; the bigger the ego the harder the fall,Prov 16:18,"A man's pride can be his downfall, and he needs to learn when to turn to others for support and guidance.",Bear Grylls,t
stepdaughter,46,Sex and Guys,"The standard line is that “guys are only after ONE thing.” They want sex, and some will do just about anything to get you into bed. Here’s the sad truth: for a lot of guys, that really is the case — and it doesn’t necessarily matter whether he calls himself a Christian or not. If that’s his focus, nothing is going to stop him except you. And here’s the good news buried in that: you can always stop it. The power is yours, completely, every single time. Don’t ever let anyone convince you otherwise.

Some food for thought worth holding onto:

Sex is not the “next step” in a maturing relationship. It isn’t a step at all — it’s a gift reserved for marriage. If you refuse to see it as a way to get closer, or as the next “stage” of dating, then it simply won’t be on the table. Anyone who tells you it’s necessary, natural, expected, or “the next level” is lying to you — and even the nicest, sweetest, most parent-approved guy will say those things when he wants it badly enough. Don’t measure a boy by how charming he is. Measure him by whether he respects your “no.”

And understand this: sex fogs everything. Even the desire for it clouds your judgment long before anything happens. Once it enters a relationship, you stop thinking clearly — about him, about yourself, about what you actually want. Waiting keeps your head clear at the exact time you need it most.

Your purity is one of the most precious gifts you can carry into your marriage someday. You don’t need “experience” beforehand — there’s no prize for it, and no upside. You aren’t missing out on anything by refusing to play the field. I promise you: you will have a stronger, deeper marriage if you wait.

Here’s something important to hold onto: choosing to save yourself for marriage is an ongoing decision — one you’ll keep making, again and again, right up until the day you marry. It isn’t a single moment you either kept or lost forever; it’s a choice you get to make new every day. There is always grace, and always my love and support, as you navigate your life and your choices. Come to me anytime. I love you, no matter what.","Let us behave decently, as in the daytime, not in carousing and drunkenness, not in sexual immorality and debauchery, not in dissension and jealousy.",Romans 13:13,There is nothing like desire for preventing the thing one says from bearing any resemblance to what one has in one’s mind.,Marcel Proust,f
stepdaughter,47,Humility,"Let me tell you about one of the most attractive, powerful, and underrated qualities a person can have: humility. The world will tell you to promote yourself, out-shine everyone, and make sure people know how great you are. I want to tell you something better.

First, let’s clear up what humility actually is, because most people get it wrong. Humility is not thinking less of yourself. It’s not putting yourself down, shrinking back, or pretending you have no gifts. Here’s the real definition, and it’s worth memorizing: humility is not thinking less of yourself — it’s thinking of yourself less. That’s the whole secret. A humble person isn’t consumed by how they’re coming across, how they measure up, or what everyone thinks of them. They’re free of all that — free to actually notice other people, to serve, to listen, to love.

Compare that to arrogance, which is the exact opposite. You know the type — the person who talks about themselves endlessly, then says, “But enough about me… what do you think of me?” Arrogant people are trapped inside themselves. And here’s the irony: arrogance is usually just insecurity wearing a costume. Truly secure people never need to look down on anyone.

Humility doesn’t mean you can’t be confident, either. You can be both at once — quietly sure of who you are, and far more interested in others than in yourself. In fact, that combination is exactly what makes someone magnetic. People are drawn to those who make them feel important, not to those who are busy being impressed with themselves.

And this is close to the heart of God. The Bible says again and again that He opposes the proud but gives grace to the humble. Jesus Himself — with every right to boast — chose to serve, to kneel, to wash feet. If that’s how the King of everything carried Himself, it’s a pretty good model for us.

So think of yourself less. Lift others up. Stay humble. You’ll be happier, you’ll be loved, and you’ll look far more like Jesus.","God can’t stomach arrogance or pretense; believe me, he’ll put those upstarts in their place.",Proverbs 16:5,"By my count, more business leaders have failed and derailed because of arrogance than any other character flaw.",Harvey Mackay,f
stepdaughter,48,Love Language,"Tell people, show people, and remind people that you love them. It’s one of the simplest and most powerful things you’ll ever do, and most people don’t do nearly enough of it.

First, tell them — out loud, in actual words. Tell the people you love that you love them: your family, your closest friends, and someday your husband. Don’t assume they just know. Make sure everyone in your family hears it from you regularly. Tell your parents you love them, all the time. Words are free, they take two seconds, and they can carry someone through a hard day.

But telling isn’t the whole picture, because people receive love in different ways. A counselor named Gary Chapman wrote a wonderful book explaining that there are five “love languages” — five different ways people most feel loved:

**Words of Affirmation** — hearing kind, encouraging, specific words.

**Gifts** — receiving something thoughtful, a sign they were thought of.

**Quality Time** — someone giving them their full, undistracted attention.

**Acts of Service** — someone doing something helpful for them.

**Physical Touch** — a hug, a hand on the shoulder (and someday, with your husband, the closeness of marriage).

Here’s the key: everyone has a primary love language, and some people have two. The trick is that we tend to give love in our own language, when the person in front of us might need it in a completely different one. You might feel most loved by quality time, while your friend feels it through words, and your future spouse through acts of service. So pay attention. Learn the love languages of the people closest to you — and then love them their way, not just yours.

Do that, and you’ll love people in a way they can actually feel. It’s one of the great secrets to every close relationship you’ll ever have.

P.S. — You can tell me you love me too!",Better is open rebuke than hidden love.,Proverbs 27:5,Love conquers all things; let us too surrender to love.,Virgil,f
stepdaughter,49,Manipulation,"I know the verse and quote for this one are a little heavy — but this is an area I truly believe you, and honestly everyone, needs to watch out for. It’s manipulation.

Here’s the uncomfortable truth: most of us are surprisingly good at it, myself included. Somewhere along the way — probably over many years and many times when it worked — we learn to manipulate to get our way. It takes a hundred quiet forms: not telling the whole story, adding details that aren’t quite true, carefully timing when and how you share information, steering a conversation — all with the goal of getting what you want, keeping what you have, or dodging what you don’t want to face. The reason it’s so dangerous is precisely that it often works.

But here’s what it costs, and the price is steep: manipulation quietly destroys trust with the very people who love you most. They end up feeling used and misled, even if they can’t put their finger on why. And trust is everything. Think of it like a bank account — every honest, straightforward interaction adds to it, and every manipulation quietly withdraws from it. Empty that account, and the relationship is in real trouble.

As a kid, the consequences for manipulating were small — losing your phone, your screen time, a sleepover — handed down by people who love you unconditionally no matter what. But in the adult world, the stakes climb fast: lost jobs, lost relationships, lost people you hold dear. And there’s something bigger now, too. As an adult, you’re building a reputation and a witness that the whole world can see. Guard it.

So here’s my strange advice: make it your goal to be bad at manipulation. Stop practicing it. Get worse at it, on purpose. Choose to be the kind of person who just says what’s true, asks for what they want plainly, and lets the honest chips fall where they may. The sooner you start, the freer you’ll be.",...know for sure that you will be punished for your sin.,Numbers 32:23,"All sin tends to be addictive, and the terminal point of addiction is what is called damnation",W.H. Auden,f
stepdaughter,50,The Gift of Being Bored,"Here’s something your generation almost never gets to experience, and it worries me a little: boredom. And the reason is simple — the phone. The moment there’s an empty second, it’s right there in your pocket, ready to fill it with a scroll, a video, a game, a feed that never, ever ends. You never have to be bored again. That sounds like a good thing. It isn’t.

I want to tell you why boredom is actually one of the most underrated gifts in life. When I was young, we didn’t have a screen to escape into, so boredom was just part of things. You’d finish everything you had to do, and then… nothing. Empty time, stretching out in front of you. And here’s what I’ve come to realize: that empty time was a gift, even though it never felt like one — because boredom is where the good stuff quietly begins.

Think about what boredom pushes you toward. Bored, you might finally pick up that book. You might learn something new just because you wondered about it. You might create something — draw, build, write, play. You might take the nap your body was quietly begging for. You might notice someone who could use a hand, and go help them. You might have a long, wandering conversation that becomes one of your favorite memories. Almost every good and creative thing I’ve ever done started in a moment when I had nothing to do.

But a phone fills that space before it can ever do its work. You end up entertained every second and creative almost none. Comfortable every moment, and stretched almost never.

So here’s my genuine encouragement, and I know it sounds backwards: put the phone down and let yourself be bored. Don’t rush to fill every quiet moment. When boredom shows up, treat it as an open door. Take the nap. Learn the thing. Help the person. Make something. Or just sit, think, and be still — the Bible says, “Be still, and know that I am God.” Some of the best moments of your life will grow out of the empty ones, if you’ll only let them.","Be still, and know that I am God.",Psalm 46:10,All of humanity’s problems stem from man’s inability to sit quietly in a room alone.,Blaise Pascal,f
stepdaughter,51,Being An Adult,"Congratulations! You are, once again, the youngest — the youngest kind of adult there is. Just when you’d finally made it to the top of childhood, here you are, right back at the beginning of something brand new. And I could not be more proud of you. You have your entire life ahead of you now, to live.

So live it well, and live it as it’s meant to be lived, because it’s the only one you’ll ever have on this earth. One of the ways you prepare for eternity is by living a full life here. I hope one or two of the things I’ve told you in these pages will be of real value to you now. Take the very best and worst of everyone around you, mix it with the very best and worst of yourself over all these years, hold it all up against the Bible for a truth test — and then GO FOR IT.

You have such flexibility and such wide-open opportunity ahead of you. I once saw a license plate that said: “If you’re living as if there is no God… you’d better be right.” That’s true — but I think it’s even better the other way around: if you live as though there is a God, you’re right, so enjoy everything He’s given you. And He’s given you so much already. You are blessed — you really are.

So don’t be afraid to make a mistake. Don’t be fearful. You are loved, cherished, prayed for, appreciated, and accepted exactly as you are. My love for you is unconditional — it always has been and always will be. You earned all of my heart the day you became part of my life. You are precious, unique, special, significant, valuable, and wanted. I am endlessly impressed by you — your talent, your creativity, your humor, your confidence, your intelligence. I’ve said it before: you are perfectly imperfect.

The only real problem is that it means I now have a grown child — and I’m quite sure I’m far too young for that! You have given me an unbelievable run of years. They haven’t all been perfect, but through every one of them, I have felt incredibly, indescribably proud to be yours.","Don’t stop listening to correction my child, Or you will forget what you have already learned.",Proverbs 19:27,"The future...something which everyone reaches at The rate of sixty minutes and hour, whatever he does, whoever he is.",C.S. Lewis,f
stepdaughter,52,Praying,"There’s really only one subject left that I need to share with you. It isn’t the 52nd most important thing — it’s just the last one, and in many ways it holds all the others together. I want to tell you how important it is to pray about everything you do.

I genuinely believe we all need what I call “prayer cover” — people praying for us, and us praying for others and for ourselves. It’s one of the most powerful and most overlooked things in the world. From the day you came into my life, I have prayed for you without stopping. I believe with all my heart that it has made a difference, and I want to encourage you to bring absolutely everything to God — your challenges, your fears, your hopes, your wildest dreams.

Here’s the truth about the life ahead of you: it is exciting and wonderful, and it is also, at times, very hard. You cannot do it on your own — and the good news is that you were never meant to. Recognize your place in things: it is by the grace of God that you exist and breathe at all. So talk to Him. Ask Him for what you need. It’s easy to ask, because He is more than worth the asking, and He loves you more than even I do — which is saying something.

I have loved sharing all of these thoughts with you across these pages. And now I’ll ask you for one thing in return: please pray for me, too. I mean it — I need it. It matters more to me than any birthday card you could send or any phone call on a holiday. Just talk to God, and mention me sometimes.

Thank you for these years — every single one of them has been a gift. And God willing, we have so many more still ahead. Until then, and always: pray. It’s the last thing I’ll tell you, because it’s the thing that carries you through everything else.",Lord hear my prayer; listen to my cry for mercy. Answer me because you are loyal and good.,Psalm 143:1,One single grateful thought raised to heaven is the most perfect prayer.,G. E. Lessing,f
stepson,1,I Got You,"Let me just say it plainly, because you and I both already know it: divorce sucks. There it is. No sugar-coating, no pretending otherwise. It’s hard and it’s messy and neither of us would have chosen the pain of it.

But here’s the thing I hold onto: out of all of that suckiness, I got you.

You’re not technically “mine” — I know that. But I get something I consider an absolute privilege: I get to love you. And that’s exactly what this whole book is. It’s me, sharing that love with you, one page at a time.

So I’m going to unabashedly pour my wisdom into these chapters — everything I’ve learned, everything I want for you. I do it in love, with love, and for love. That’s the only reason any of it is here.

I hope you’ll treasure these pages. I hope you’ll come back to them. And whatever else you take from this book, don’t ever forget the simplest, truest thing in it:

I love you.","And we know that in all things God works for the good of those who love him, who have been called according to his purpose.",Romans 8:28,Love is not something you feel. It is something you do.,David Wilkerson,t
stepson,2,Don't Compare Yourself to Others,"You would figure that the “competition, comparisons, measuring up, cliques, groups, etc.” would be gone once you leave school and step into adult life. You would think the social pressures, and the wondering about what everyone else thinks and does, would finally go away.

It doesn’t.

I have seen far too many people well into adult life who are still comparing themselves to everyone else. They are still trying to keep up with the rich neighbor, the smart relative, the famous schoolmate, or the popular coworker. It is a waste of time and not worth the effort. You can’t win, but you can lose.

The years growing up are rampant with people comparing where they are, where they are headed next, and what they have accomplished. There is always someone who did better than we did, and someone who did worse. The problem is that not everyone started in the same place — and we know for a fact that these years are NOT the finish line.

We have each been given things we can control and things we can’t. You can’t control the fact that you are bright, smart, handsome (I’m allowed to say that!), and funny, any more than you can control the house or the country you were born into. But you can control how you respond to conflict, hardship, and success — and how you stay committed to God, family, friends, and even enemies.

Expect the best from yourself no matter what your circumstances. Don’t compare your success or failure to others. Measure your ""place"" against your own dreams and goals, and against what God wants for your life.","A sound heart is life to the body, but envy is rottenness to the bones.",Proverbs 14:30,The truest mark of being born with great qualities is being born without envy.,Francois De La Rochefoucauld (1613 - 1680),t
stepson,3,Seeking Advice from Others,"They say in business that free advice isn’t worth anything. I disagree. Seeking advice to help you make decisions is critical to your success as an adult — and even now. Finding people who have experience you can draw on to make decisions about your life is really valuable. That advice can steer you in the right direction and help you live the life you were meant to live. The formula I use is simple: take in all advice and measure it three ways.

First, does it match up to the Bible? It is the one place I can always trust. Then I pray about it. Why not get the answer straight from the top? What is cool is that even people who aren’t Christians or Jews live by the truth that is in the Bible. Most don’t even know they are following it.

Second, does the person I am seeking advice from have my best interest in mind? (Note: I first seek advice from people who are close to God. Whenever I am seeking real advice, I always look at what their relationship is like with Jesus at that time. Usually I will ask, “How is your walk these days?” From there I can measure the advice.) Do they like me and care for me? People who love you are a great place to get input. Despite my shortcomings at times, that is why you should always ask me for advice — whether you use it or not.

Third, does this person have a personal interest in the question? If so, then I have to be very careful with their advice. This is especially true in relationships. Seeking dating advice from — or listening to — a buddy, for example, who likes the same girl you do would be a bad place to get advice.

I am your biggest fan, and I will ALWAYS give you an answer that is in your best interest — even if you don’t like it.",“Every word of God is flawless; he is a shield to those who take refuge in him.”,Proverbs 30:5,Successful people follow the same advice they prescribe for others.,Author Unknown,f
stepson,4,Character,"It’s hard not to be a hypocrite. Everyone ends up being one occasionally. For the most part, we start acting like someone we’re not, or trying to be something we aren’t. We say one thing and do another. We try to impress our friends, hide things from our parents, go along with the crowd, and even show off. Sometimes our bad behavior doesn’t look so bad simply because we’re around people whose behavior is worse. Our own odor, while awful, doesn’t seem to “smell” so bad when those around us are much worse!

But the secret to character — and the true measure of any hypocrite — is how you act when you are alone. You can tell who you truly are when you are by yourself and no one else can see you: when it is just God and you. How you behave in those private moments speaks volumes. Are you honest? Do you hold yourself accountable? Are you the same person alone as you are in front of others? If someone were watching, would you be proud of what you did?

Here’s the thing about character: it isn’t built in the big, dramatic moments. It’s built in the small ones, over and over — the times you tell the truth when a lie would be easier, the times you do the right thing when no one would ever know the difference. Every one of those small choices is a brick, and over the years they build the person you become.

The good news is that it works in your favor. If you practice being honest and good when you’re alone, being honest and good in front of others becomes almost automatic. You won’t have to remember which version of yourself to be, because there will only be one you — the same person, everywhere, all the time. That is what integrity really means: being whole, undivided, the same on the inside as the outside.

And if you are ever looking for someone’s character to emulate — Jesus would be a great choice.

Be a person of character first when you are by yourself. Then, when you’re around other people, it will be much easier — because you’ll already know exactly who you are.",Give him credit for all he does. He deserves the respect of everyone.,Proverbs 31:31,"Be more concerned with your character than your reputation, because your character is what you really are; your reputation is merely what others think you are.",John Wooden - Hall of Fame Basketball Coach,f
stepson,5,Forgiveness,"There is probably no stronger attribute a person can have than the ability to forgive and to ask for forgiveness. In many instances it is a very small action on your part, but it has a huge impact on the people you love — and even on those you don’t. The inability to forgive is much harder on you than it will ever be on the other person. When you don’t forgive, you give up control of your peace, your joy, and sometimes your sanity to either the other person or the thing that happened. That is too hard, and way too much to give away.

The most challenging forgiveness for me is forgiving myself. How about you? I do really well when it comes to other people. It is almost easy for me to see the best in them. When you see the best in others — their challenges and their struggles — the things they do to you become much easier to forgive. But it doesn’t always work that way for me. The single hardest thing for me to do is forgive myself. What is crazy is that Christ died on the cross so we could be forgiven. If we don’t forgive others, including ourselves, then what He did was wasted. Even with all that knowledge and comfort, I still struggle in that area.

How are you at forgiving others? Are there things and people you need to forgive? What about yourself? Do you need to ask for forgiveness anywhere? Are you clean there as well? I hope so. I love you too much to have you burdened when the ability to forgive and be forgiven is right there in front of you.

<mark>Just to make sure you are reading these, if you say the word “forgiveness” and give me a high five, I will give you ten dollars.</mark>","For if you forgive men when they sin against you, your heavenly Father will also forgive you.",Matthew 6:14,"Anger makes you smaller, while forgiveness forces you to grow beyond what you were.",Cherie Carter-Scott,f
stepson,6,Minimum Requirement,"There are several chapters in here about women and girls — and honestly, who better to walk you through this than someone who’s been a man his whole life and made plenty of the mistakes? These next ones lay out the minimum requirements for how you treat both the girls you date and, someday, the woman you marry.

Minimum requirement number one: treat her like a queen.

I cannot overstate how important this is. When you date someone, you treat her like royalty — all the basics and then some. Open her door. Pull out her chair. Tell her she looks beautiful. Pay for the meal. Show up, follow through, put her first. This is simply the way to treat a woman. There is no cool “style” that says you play it aloof, keep her guessing, or act standoffish to seem more desirable. All that actually does is make you look selfish, self-absorbed, and focused on yourself. It might work in the movies. It does not work in real life.

Treating her “like a queen” means she is precious, special, respected, cared for, protected when it matters, and — most important of all — she belongs to God and should be treated accordingly. It isn’t hard to do once you decide to, and here’s the thing: she’ll recognize it immediately. So will everyone around her.

I understand the temptation of “playing hard to get.” Set it aside. It doesn’t work with any woman who has real confidence and self-respect — and those are exactly the women worth pursuing. Besides, women talk to each other. Your reputation, good or bad, travels faster than you think.

So here’s the irony worth remembering: if you actually want to have the chance to date great women, the secret isn’t playing games or acting cool. It’s the opposite. Treat every woman like a queen, and you’ll never have to play a game again.","Husbands, love your wives, just as Christ also loved the church and gave Himself up for her.",Ephesians 5:25,A gentleman is one who never hurts anyone’s feelings unintentionally.,Oscar Wilde,t
stepson,7,A Man She can Respect,"Now that you’re becoming a man, I still feel like I fall short of telling you everything you need to know about women. Quite frankly, I’m not sure I’ve done a great job of it — partly because these conversations always feel more awkward than they need to be, and partly, honestly, because I’m not certain how much I really know myself. But here’s my best shot.

I once read a great book called Love and Respect. Its core idea stuck with me: women most want to feel loved, and men most want to feel respected. So here’s my first piece of advice — if you want to be respected by a woman, become a man who genuinely deserves respect. Respect isn’t demanded or assumed; it’s earned, every day, by how you treat her and how you treat everyone else. Becoming a man a woman can respect is one of the very first steps to having a great relationship with one.

So what does a man of respect actually look like? He fears God. He treats everyone with respect, not just the people who can do something for him. He pulls his own weight. He serves others. He’s willing to stand up and fight for those who can’t fight for themselves. He’s generous, honest, and above reproach in what he does. He treats his mother with kindness and love. That’s the foundation — long before any girlfriend enters the picture.

And toward the woman in your life specifically, it means this: care for her, treat her like a queen, protect her, look out for her, serve her, and encourage her. In a marriage, that includes providing for her and your children. In dating, it’s the everyday things — open the door, give thoughtful gifts, speak to her kindly (and listen — usually a lot of listening), speak highly of her to your friends, and treat her family with respect.

Yes, it’s a lot of work. But a woman worth having is worth every bit of it — and becoming that kind of man is worth it even more.","He was full of loving kindness, and we have all received so much kindness from him.",John 1:16,"This above all: to thine own self be true, And it must follow, as the night the day, Thou canst not then be false to any man.",William Shakespeare,f
stepson,8,Lying,"You’ve probably read a thousand messages on this subject already, so I’ll keep mine simple.

First: tell the truth, if for no other reason than it’s the easiest thing to remember. Lies require upkeep. The truth just sits there, always the same, waiting for you whenever you need it. A liar needs a good memory; an honest person needs none.

Second, a subtle one: not saying something isn’t the same as lying. One of my favorite movie lines is “You can’t handle the truth!” — and the fact is, sometimes people can’t, and sometimes they don’t need to. If a hard truth won’t help, heal, or lovingly correct someone, you’re not required to say it just because it’s true. Choosing to stay quiet, or to be gentle, isn’t dishonesty — it’s kindness. There’s a big difference between lying and simply not volunteering every blunt opinion you have.

Third, and this is the big one: don’t lie to yourself. This is the lie that does the most damage, because you’re the one person you can never get away from. The recovery programs for drinking and drugs have a step about getting out of “denial” — which is just a fancy word for the lies we tell ourselves. Self-deception always gets worse with time, never better. The truth you avoid today will cost you more tomorrow.

And be sharp about what you take in. We live in a world absolutely flooded with untruth — fake stories, doctored images, confident voices online saying things that simply aren’t so. More than any generation before you, you’ll have to work to find what’s real. Don’t be lazy about it. Just because you read it or heard it or saw it doesn’t make it true. Weigh everything against what you know to be right, and against God’s Word, which never changes.

And stay humble. I once read a prayer in a book that stuck with me: “Lord, help me to forgive, and to accept, those who sin differently than I do.” Hold honesty as sacred — it matters more than ever — but be gracious toward others, because you have your own failings too. Guard the truth, tell the truth, and love the people who are still learning how.","To fear the Lord is to hate evil; I hate pride and arrogance, evil behavior and perverse speech.",Proverbs 8:13,A liar needs a good memory.,Quintilian,f
stepson,9,I am Proud of You,"I am so proud of you, in more ways than I could ever list. It has been one of the great joys of my life to watch you grow up — and I’m looking forward to being even prouder of the man you’re becoming. It’s going to be a genuine privilege to watch you step into adulthood.

I know it sounds corny, but you have such potential to be a godly man who actually changes the world. You are talented, gifted, and — this matters coming from me — I truly respect you. That’s not a small word, and I don’t say it lightly.

I know you’re a man now, so please be patient with me on one thing: a part of me will always see the younger boy I first came to know. That kid is still in there to me, and always will be. It’s not a lack of respect — it’s just what love does. It holds every version of you at once.

You won’t fully understand how much I love you until you have your own children someday. Then, all at once, you’ll get it — and you’ll think back on this page and finally know exactly what I meant.

This book is supposed to be 52 things you need to know. This one is the simplest of them all:

I love you — VERY, VERY much.",My command is this: love each other as I have loved you.,John 15:12,To love is to receive a glimpse of heaven.,Karen Sunde,t
stepson,10,Healthy Eating,"“You are what you eat.” It’s a corny saying, but it really is true. Sadly, there are a ton of bad food choices available all day long, and it seems like the more stress and time pressure we’re under, the worse we tend to eat. Learning to eat well is a genuinely valuable life skill. An understanding of nutrition and health will benefit you for your whole life.

Please forgive the analogy, but your body is a lot like a car. If you put the right fuel in it, take care of it, and treat it the way the “manual” says, it will perform great. If you neglect the engine and only worry about how it looks on the outside, you’ll eventually run into trouble. The big difference is this: with a car, you can always get a new one. Your body is the only one you’ll ever have.

Remember that it all works together — eating well, moving your body, and getting enough sleep all add up to a healthy body you can use to chase every one of your dreams and goals. This isn’t about being a certain size. It’s about being strong and well enough to live the life God has for you.

One honest and important thing: a lot of people — of every age — quietly struggle in this area. Some start to see themselves in the mirror very differently than they actually are, and that can lead to deep pain, and sometimes to eating disorders. If you ever feel confused, anxious, or at war with food or your own body, please don’t carry it by yourself. Come talk to me, or to someone who loves you. There is no shame in struggling, and there is real help. You are never a burden for needing it.

Take care of the body God gave you, treat it with respect, and use it to live a full and joyful life. It’s the only place you get to live — make it a good home.","Do you not know that your body is a temple of the Holy Spirit, who is in you, whom you have received from God? You are not your own.",1 Corinthians 6:19,Take care of your body. It’s the only place you have to live.,Jim Rohn,f
stepson,11,Money,"One of the most valuable things a man I worked for ever taught me came in the form of a hard question. One day he looked at me and said, “Why do you choose to be poor?” I didn’t have a good answer, so I told him I didn’t choose to be poor. He said that based on how hard I worked and the job I was doing, I was, in fact, choosing it.

That felt harsh at the time — and honestly, it’s not the whole truth. Not everyone works for money, and money is far from the only thing that matters. Being poor in money doesn’t make you poor in spirit, poor in friends, or poor in the things that actually count. But buried in his blunt question was something real: for many of us, how much we earn really is more of a choice than we like to admit.

Here’s what I’ve learned since. Plenty of people far less clever than me make much more money than I do. And plenty of people far smarter than me make much less. Making money, in a lot of cases, is a decision — about effort, focus, and the value you choose to create. I came to see it as one useful way of keeping score. Not the only way, and definitely not the most important way — but one honest measure of how well you’re doing what you set out to do.

Now here’s the balance, and it matters: money is a wonderful tool and a terrible master. The Bible doesn’t say money is evil — it says the love of money is. Chase it as your scoreboard for life and you’ll never have enough; no amount satisfies that hunger. But earn it honestly, hold it loosely, use it to bless people, and it becomes a genuine gift.

One more principle I lived by: when I left a company, it would be in a sea of red ink or black ink — but never in handcuffs. Earn it, but always keep your integrity worth more than the money.",Whoever loves money never has enough; whoever loves wealth is never satisfied with their income. This too is meaningless.,Ecclesiastes 5:10,Lack of money is no real obstacle; lack of an idea is an obstacle.,Ken Hakuta,f
stepson,12,Communication with Women,"Here’s something essential to understand: women want to communicate. They connect through it. A woman shares her feelings, and she feels close to you when you share yours in return. The movies love the “strong and silent type,” but that’s a fantasy — in a real relationship, silence isn’t strength, it’s a wall. (Being calm and steady on the outside is great. Being closed-off on the inside is not.)

Every relationship you’ll ever have is built on how often and how deeply you communicate. Here’s the challenge for a lot of guys: you might be a perfectly good communicator when you feel like it — but real relationships need you to open up even when you don’t. You can’t truly meet women, date well, or build something lasting while keeping the door to your inner world shut. So I want to encourage you to work on this, starting now.

And you can practice it before there’s ever a girlfriend in the picture. Open up now — practice on your family. Say the deeper thing to a parent, a sibling, a close friend… and yes, even me! Share what you’re actually feeling instead of the safe surface version. It’s a muscle, and it gets stronger the more you use it.

One more piece, and it matters: when you communicate, make a real effort to lift people up. Everyone loves to hear something genuine and kind about themselves. Become a man who notices the best in people, who sees the glass half full, who leaves others feeling better than he found them. That’s simply a better way to move through the world.

And here’s the good news: it will also get you more dates — and, more importantly, more second dates. A man who truly listens and lifts people up is rare, and women notice it instantly. Open up, speak kindly, and watch what happens.","My lips will not speak wickedness, and my tongue will utter no deceit.",Job 27:4,"Love is a promise, love is a souvenir, once given never forgotten, never let it disappear.",John Lennon,t
stepson,13,The Perfect College Day,"There are 24 hours in a day. Here is what every successful college student figures out — ideally before they ever set foot on campus:

**A Perfect College Day:**
Sleep — 8 hours
School — 3 hours
Eating — 3 hours
Studying — 3 hours
Everything else — 7 hours
Total — 24 hours

If you can figure this out early enough, college will be a genuinely successful experience. You’re given 24 hours every day, and if you can discipline yourself to get enough sleep and study a little every single day, you will do amazingly well. Managing your time is one of the biggest keys to college — bigger than raw intelligence, honestly. Plenty of brilliant people flunk out because no one is making them go to bed or do their work anymore.

Look at that schedule again: even after sleep, class, meals, and studying, you still have seven hours left over every day to have fun, work, join things, and hang out. That’s an enormous amount of freedom. The trick is that the freedom is exactly what makes it hard.

The jump from high school to college is honestly a little alarming. Nobody wakes you up. Nobody checks your homework. Your ability to stay focused in an environment of total freedom is the real adjustment — and it’s where a lot of people stumble. I made sure I went to the library to study, because every time I tried to study in my dorm room I got distracted by everything and everyone. Find your own version of the library — a place where your brain knows it’s time to work.

Study a little every day, protect your sleep, and use your freedom wisely. Do that, and you’ll be amazed how well the rest of college falls into place — including all the fun in those seven hours.",There is an appointed time for everything. And there is a time for every event under heaven.,Ecclesiastes 3:1,Half our life is spent trying to find something to do with the time we have rushed through life trying to save.,Will Rogers (1879 - 1935),f
stepson,14,Pornography,"I’m not usually one to call things out as being from Satan — but this is one of them. Pornography is like a disease. There may be addictions that kill you faster, but this one is a slow, quiet, painful death. It is a massive addiction in this country, especially for men, and I promise you: if you haven’t figured it out already, you can be pulled in by it. I’ve watched too many good men get caught.

I know this because it can pull me in. I’d rather you hear this from me than learn it the hard way: there have been times I went places online I had no business going. When I slip, I can practically hear the drumbeat — “click one more page, see what’s there, go a little farther.” I wish I could tell you it doesn’t affect me. It does. Like most men, I have to consciously decide to stay away from it. That’s the truth.

For a lot of guys it feels natural — just a “guy thing” to want to look. But it’s degrading to women, and it quietly rewires your brain, filling it with false images and impossible expectations. Here’s the real tragedy: it takes something God made good — real intimacy with your wife — and trades it for something fake that you only watch. <review>It drives men to satisfy themselves with fake, unreal women instead of building a real and godly relationship and actually living life.</review>

And it never stays put. There’s a very short distance between “barely bad” and genuinely sick. It’s an addiction, and addictions only grow.

The only real solution is to keep it out from the very start. Once you let it in, real women get diminished in your eyes — they can never be “perfect enough” — and you find yourself drawn to people and pictures that aren’t even real.

Pornography has no place in your life or your relationships, married or otherwise. Guard your eyes and your mind from the beginning. It is one of the great battles of your generation — take it seriously, and don’t fight it alone.",God wants you to be holy and to stay away from sexual sins.,1 Thessalonians 4:3,All sins are attempts to fill voids.,Simone Weil,f
stepson,15,Leadership,"It’s hard to teach someone to “give it their best.” That’s especially true in school. Some people never really try, and then feel bitter about the colleges, jobs, and choices they end up with — even though, deep down, they know they didn’t give it their all. You probably know people who are frustrated they can’t get into the school they wanted, yet never actually worked very hard for it. Here’s the truth: your effort counts. Your drive to do well in school can pay off, and it will.

But drive is bigger than grades. Once you know how to work hard — once you’ve felt what happens when you truly pour yourself into something — you’re holding one of the most valuable tools a person can have. The real question becomes: what will you do with it?

Can you apply that same drive to your relationships? To the people and causes you serve? Can you use it to teach others things you’ve already figured out? That’s what leadership actually is — it isn’t a title or a position. It’s taking the effort and ability God gave you and using it to lift other people up.

So let me ask you some real questions. Can you individually change the world? Can you make a difference for Jesus right here on earth? Can you influence a generation, a country, a town, a family — or even just one single person who crosses your path?

The answer is yes.

Not “maybe.” Not “someday, if things go well.” Yes — right now, as you are. God doesn’t hand that kind of drive to someone by accident. He gave it to you on purpose, for a purpose. So work hard, lead by serving others, and go be the answer. The world needs exactly what God put in you.","Commit to the Lord whatever you do, and he will establish your plans.",Proverbs 28:16,The person who knows “how” will always have a job. The person who knows “why” will always be his boss.,Walter Lippmann,t
stepson,16,Words,"For some reason, the older you get, the more your words matter. As a kid, you get a lot of leeway in what you say. Sometimes being young lets you “get away” with comments that get brushed off as just something a kid would say. But as you grow up, those same words don’t get passed over so easily — and more importantly, the responsibility for what you say changes. As an adult, you’re accountable not just for your actions, but for your words. A complaint, a criticism, a careless opinion — it all carries more weight than it used to.

Words are powerful in a way that’s easy to forget, because they feel free and temporary. But they’re not. A kind word can lift someone for a whole day. A cruel one can stick with a person for years — sometimes for life. You probably remember something hurtful someone said to you long ago, word for word, even if they forgot it the moment it left their mouth. That’s how much weight words carry.

So I encourage you to start now — measure your words before you speak them, especially with the people you love most. The people closest to you are the easiest to wound, precisely because they’ve let you in. Your words to me can hurt, and mine to you can too. Be aware of what you’re saying and why you’re saying it.

So many people hurt others, or get hurt themselves, over unkind and flippant words that a little extra care and maturity could have avoided completely. Choose your words like they matter — because they do. And when you get it wrong (you will, we all do), be quick to ask forgiveness. Few things repair a relationship faster than a sincere “I was wrong. Please forgive me.”","A soft answer turns away wrath, but a harsh word stirs up anger.",Proverbs 15:1,The difference between the almost right word and the right word is really a large matter—’tis the difference between the lightning-bug and the lightning.,Mark Twain,f
stepson,17,Gossip,"I’ve experienced the damage gossip does, and I’m sure you have too. It’s corrosive — it hurts the person being talked about, it hurts the person listening, and in the end it hurts the person doing the talking most of all. Nobody comes out of gossip better than they went in.

One of my friends once described three classes of people to me — and he wasn’t talking about money:

**Lowest:** people who talk about other people.
**Middle:** people who talk about themselves.
**Highest:** people who talk about ideas and vision.

It’s a simple test, and it’s stuck with me for years. Listen to what someone spends their conversation on, and you’ll learn almost everything you need to know about them. And every so often, turn that same test on yourself — what do you mostly talk about?

Here’s what I’ve come to understand about why people gossip: usually it’s because they need someone to compare themselves to. Tearing another person down, even just in words, makes their own problems feel a little smaller for a moment. Someone else’s misery becomes a strange kind of comfort. But it’s a cheap comfort that never lasts, and it quietly makes the gossip a smaller person every time.

This is one of those areas where I’ll tell you one thing and then sometimes fail at it myself. I don’t gossip much — mostly because I don’t go looking for it — but when a juicy piece of information lands in my lap, it can be genuinely hard not to pass it along. That’s still gossip, even when it’s true, and I have to catch myself. You’ll be tempted too. We all are.

So here’s the goal: be someone people can trust with their name when they’re not in the room. Don’t be a gossip. Talk about ideas, dream about the future, and when it comes to other people — build them up, or say nothing at all.","They also learn to be idle, going about from house to house, and not only idle but gossips and busybodies, saying things they ought not to.",1 Timothy 5:13,No one gossips about other people’s secret virtues.,Bertrand Russell,f
stepson,18,"""Old"" Friends","Friends are one of the biggest forces in your life. They can shape who you become and what you do more than almost anything else. You’ve heard all the warnings — “if you hang around with trash, you’ll start to smell like it,” and they’re true. Choose your close friends carefully, because you slowly become the people you spend the most time with.

But here I want to talk about a specific, wonderful kind of friend: the old one. I’m deeply partial to my childhood friends, simply because I’ve known them so long. The funny thing is, I don’t have much in common with most of them anymore — different states, different jobs, different lives. What we share is our history. And that turns out to be one of the richest things two people can share.

When we get together, it’s mostly to talk about old times — to laugh about the dumb things we did, said, and believed back when we knew nothing. I treasure those memories, and I love the people who hold them with me. There’s a comfort in being around someone who knew you before — before the job, before the responsibilities, before you had it all figured out (or pretended to).

So stay close to your old friends if you can, even if you rarely see them. You don’t have to talk every week. You don’t even have to have much in common anymore. Some twenty or thirty years from now, you may still be in touch with a few of them, or you may not — but when you do reconnect, you’ll pick right back up, and for that little while, you’ll be close friends again like no time passed at all.

Make good friends now. And then, whatever else changes, keep them.","A friend loves at all times, and a brother is born for a time of adversity.",Proverbs 17:17,In prosperity our friends know us; in adversity we know our friends.,Churton Collins,t
stepson,19,Danger,"I once heard a San Diego police officer share a piece of advice that has stuck with me ever since, and I want to pass it on to you because it could genuinely save your life. Here’s the principle: the first place is always better than the second.

What he meant was this — if someone ever tries to hurt you or take you somewhere, run immediately, right where you are. Because if a person is willing to harm you in public, they intend to do far worse in private. The “second place” they want to move you to is always more dangerous than the first. He gave example after example of people who were talked into going somewhere else and ended up badly hurt. Never, ever let someone move you to a second location. Make your stand — or your escape — right where you are.

Then he got specific, and I want you to remember these:

If someone gets into your car — say, in a mall parking lot — crash it right there, immediately. Don’t drive anywhere. The officer said this holds true even if you have your kids in the car and someone puts a gun to them — you still crash it right there. His reasoning was hard but sound: if they’re crazy enough to threaten you or your children in a public parking lot, they will do far worse once they get you somewhere private.

If someone demands your money, throw it one direction and run the other. If they only wanted the money, you’re fine. If they wanted you, you’ve got a head start.

If you’re in a restaurant or store and someone comes in to rob it, get up and leave right then — don’t wait to see how it unfolds.

Even if someone is standing a few feet away with a weapon, run. He told us most people miss, and the vast majority won’t even fire in public.

Have a plan. Talk through with your friends where and when you’d run. I know it sounds a little dramatic — but he swore it saves lives, and I believe him. Trust your instincts, move fast, and always choose the first place over the second.",The name of the Lord is a strong tower; the righteous run to it and are safe.,Proverbs 18:10,"Out of this nettle, danger, we pluck this flower, safety.",William Shakespeare,f
stepson,20,Confidence,"Confidence is one of the most attractive and useful qualities a person can have — and one of the most misunderstood. A lot of people think confidence is something you’re just born with, like eye color. It isn’t. Real confidence is built, and I want you to know how, because it’s one of the great secrets to doing well in life.

Here’s the truth almost nobody tells you: confidence comes from preparation. It comes from doing the work, putting in the reps, practicing the thing over and over until it’s second nature. The reason a musician isn’t nervous on stage is that she’s played the piece a thousand times. The reason a student walks calmly into a test is that he studied. Confidence isn’t a feeling you conjure out of thin air — it’s the natural result of being genuinely ready. When you’ve done the work, the nerves quiet down, because deep down you know you’re prepared. So any time you want to feel more confident about something, the answer is almost always the same: prepare more. Do the reps.

And here’s the deepest well to draw from: the steadiest confidence of all comes from knowing who God made you to be. When your identity is anchored in Him, you don’t have to fake it or prove it to anyone. But even that confidence still shows up in the doing — so prepare well, trust the work you’ve put in, and walk into the room ready.

So let me leave you with two questions worth sitting with — not just today, but for the rest of your life:

What are you truly confident in right now? Name the things you’ve prepared for, worked at, become genuinely ready for. Be proud of those — you built them.

And what do you wish you felt more confident about? Whatever came to mind — that’s just a place where the work isn’t finished yet. Not a weakness, not a limit. Just your next set of reps. Go put them in, and watch your confidence grow right alongside them.","For God has not given us a spirit of fear, but of power and of love and of a sound mind.",2 Timothy 1:7,"Whether you think you can, or you think you can’t — you’re right.",Henry Ford,f
stepson,21,The Only Measurement,"Jesus Christ is the only answer when there are no answers — and just as importantly, when there are answers. Don’t measure your decisions, your actions, your attitudes, your career, or who you marry against anything or anyone else but Him. If you keep Him as the model, the standard you hold everything up against, you truly cannot go wrong.

Here’s why this matters so much: the moment you start depending on a human being — including yourself — you will eventually be let down. It’s not a maybe; it’s a guarantee. People are people. I’m a great example of that myself. I could parade ten people past you who’d tell you how wonderful I am compared to others they know. But you know, and I know, my own past and my own failures. I’m a decent example in some areas, and I fall very, very short in others. For whatever it’s worth, so does everyone else — even the ones who look like they have it all together.

You’ll fall short too. We all do. Right now, you’re young and blessed, with the whole world in front of you, and the need for Jesus might not feel urgent or obvious. Trust me on this one: you need Him. He is the only help you can truly count on for the rest of your life — the one who never lets you down, never leaves, never changes. Learn to lean on Him now, while the sun is shining, rather than waiting until it’s pouring rain and you’re desperate.

Life was meant to be lived His way. There are other ways — the world is full of them — but none of them are as rewarding, as steady, or as genuinely exciting as the life He offers. Measure everything by Him, and you’ll always know where you stand.",The fear of the Lord is the beginning of wisdom; all who follow his precepts have good understanding. To him belongs eternal praise.,Psalm 111:10,"It ain't those parts of the Bible that I can't understand that bother me, it's the parts that I do understand.",Mark Twain,t
stepson,22,Marry a Godly Women,"You already know this one — but I’ll say it anyway, because it matters more than almost anything else you’ll ever decide: marry a Godly woman. And that requires dating Godly women first. If you don’t start right, you won’t finish right.

It means actually asking the women you date whether they follow Christ. Here’s the tricky part: some will say yes and genuinely believe it, but not really know Him at all. They think they’re fine because it’s what they’ve always assumed about themselves — but there’s no real relationship there. A woman who assumes she’s a Christian is not the same as a woman who walks with Christ. Don’t settle for that. And don’t let one, or two, or ten disappointing examples talk you out of looking for the real thing. Keep looking until you find her.

Two simple questions will tell you a lot:

1. What’s your story of how you met Christ? You know the right answer — and it isn’t “I go to church,” “I was baptized as a child,” or “I’m a Methodist/Catholic/Baptist.” Those are backgrounds, not a relationship. You’re listening for a living, personal faith.

2. Where do you worship now? You’re looking for someone actively growing, bearing fruit, part of a church community. (And here’s a great sign: if she asks you the same questions.)

You want to marry someone you can respect and admire — so make sure she is Godly. When she is, you’ll know she’s relying on someone bigger than herself. Being beautiful or smart doesn’t mean a woman will treat you and your children well. And even loving the Lord is no guarantee. But if she truly loves God, then even if she strays, there’s always a way back — and that is something you can count on. When two people both rely on God, there’s no question without an answer and no problem that can’t be faced together. It takes a shared faith and a shared hope. Don’t settle for less than that.

And one more truth, the hardest and most important of all: to marry a Godly woman, you must become a Godly man. Work on that first.","What I am telling you is good, So do not forget what I teach you.",Proverbs 4:2,It is very difficult to live among people you love and hold back from offering them advice.,Anne Tyler,f
stepson,23,Anger,"You’ve heard this a million times, and you’ll hear it a million more: holding on to anger buys you nothing. Staying angry and nursing grudges hurts you far more than it ever hurts the person you’re angry at. I repeat it because if you don’t truly get this, anger can quietly take over your whole life. I’ve watched smart, wonderful people get slowly strangled by grudges they refused to put down.

There’s one kind of anger I want to talk about specifically, because it may touch your life more than most: the anger that can come from a family that’s been through divorce, separation, and blending together. It’s real, and I won’t pretend otherwise. Maybe there’s anger at your mom, or your dad, or even at me. If any of that lives in you, I understand — and I want you to know you can always bring it straight to me, without fear.

But here’s the subtle, dangerous thing about this kind of anger: everyone around you will agree you have a “right” to it. People will nod, sympathize, and cut you slack for it — sometimes for a lifetime. And all that permission does is make it so much harder to ever let go. Anger that the whole world approves of is the hardest anger there is to release. Which is exactly why so many kids from divided families carry it for decades, long after it has stopped protecting them and started poisoning them.

Wounds from your past can quietly become crutches and excuses. The people who love you will always give you a pass for them. There’s real help out there too — good counselors and wise people who can help you work through genuine pain, and I’d never want you to avoid that. But be honest with yourself about the difference between healing from something and simply holding onto it. One sets you free; the other keeps you chained to the very thing that hurt you.

And here’s the real secret to letting it go, the one that actually works: you don’t have to carry it alone, and you don’t have to be strong enough to release it by yourself. Give it to Jesus. Hand Him the anger, the grudge, the hurt — all of it — and let Him take it. He can carry what you can’t. Every time it creeps back (and it will), give it to Him again. That’s not weakness; that’s exactly how healing works. Let the anger go, and let Him have it. You’ll be lighter, freer, and far more yourself without it.",Refrain from anger and turn from wrath; do not fret — it only leads to evil.,Psalm 37:8,Anger is never without an argument But seldom with a good one.,George Savile,f
stepson,24,Crying,"I cry pretty easily. I boo-hoo at sad movies, and I’m even more of a faucet at happy, joyful moments. I’m going to cry when you get married, and God-willing, when you have a child of your own. A lot of people are taught to hide this — that tears are weakness, that real strength means a dry face. That’s simply not true, and I don’t want you to believe it for a second.

So why all this talk about crying? Because I want you to know, deep down, that it is healthy to feel things so strongly — good or bad — that they move you to tears. Feeling that much isn’t a flaw. It means your heart is alive and working exactly the way God designed it.

I have seen you cry many times, and I’ll tell you the truth — never once have I thought less of you for it. Don’t ever try to shut off the waterworks as you go through life. (The one possible exception is at work, where it isn’t always practical — but even there, don’t be ashamed of it.) Keep crying for joy. Cry at weddings and babies and songs that get you right in the chest.

And when loss comes — because it will — it’s important that you grieve. Not forever, and not in a way that takes over your life, but let yourself actually feel it. Grief is love with nowhere to go, and it deserves its time. With Christ’s strength, you will come through it, every time. Don’t rush yourself, and don’t let anyone tell you that you should be “over it” by now.

Experience everything God has for you, in every kind of emotion — the joy and the sorrow both. So, for “cryin’ out loud”… keep the tears flowing.","His anger lasts only a moment, but his favor lasts a lifetime; weeping may stay for the night, but rejoicing comes in the morning.",Psalm 30:5,Those who do not feel pain seldom think that it is felt.,Samuel Johnson,t
stepson,25,Memories,"Your memory is not as good as you think it is. That’s a hard lesson to learn, but once you accept it, life actually gets easier. I’ve noticed that I remember how bad the “bad” things were, but I don’t always remember the good as clearly. And the bad tends to look even worse in the rearview mirror — I forget the context, the circumstances, all the surrounding pieces that were part of the real story.

There’s so much I’ve simply forgotten over the years. Some of it is gone forever; some comes back only when a person or a place reminds me. I cherish the memories I’ve kept, because sometimes they’re all I have left of the past.

Here’s the thing to watch out for: a lot of people live their whole lives carrying baggage tied to a single memory. They can’t recall the whole event — just fragments — and those fragments hold them hostage for years. And it isn’t always a bad memory that traps someone. Sometimes it’s a good one. You know the type — the people who “peaked” in high school and never wanted to leave it: the football star, the girl who always had a boyfriend, the guy with the coolest car. A good memory can hold you back just as surely as a bad one, if you let it become the best thing that ever happened to you.

So as you go forward, don’t rely on memory alone. Much of what happened to you as a child, you remember through a child’s eyes — sometimes that’s sweet, sometimes it’s distorted. When something from the past is weighing on you, ask the people who were there what they remember. Everyone’s version will be a little different, and that’s exactly the point: there was always more to the story than the piece you’re holding.

Getting other perspectives will keep you free — free from both the bad memories and the good ones that can quietly hold you back from becoming everything God made you to be.",I will forgive their wickedness and will remember their sins no more.,Hebrews 8:12,"Not the power to remember, but its very opposite, the power to forget, is a necessary condition of our existence.",Sholem Asch,f
stepson,26,Relationship with Christ,"Well, here we are. You’re on your own now. We’ll still watch, and hope, and pray for a Godly son — but the relationship that matters most has become what it was always meant to be: one on one. Just you and Jesus. No parent standing over you making you go to church, say your prayers, or read your Bible. Just you and God.

And here’s the truth: despite all our overseeing through the years, it was always really you and God. He never measured you by how well you behaved when someone made you do something. He looks past all that, straight to your heart and your attitude in every situation. Now, with no one watching, you get to decide who you actually are.

So let me lay out what a Godly man does when no one is forcing him:

He tithes his income. Now it’s your choice. Give, and you will be blessed.

He prays every day, not just for himself but for others. Do you pray for your family, for me, for the people around you? Do you thank God for how blessed you are — your health, your mind, your opportunities? You should.

He spends personal time in the Bible — not for a class or a grade, but because he genuinely wants to know the God who made the world.

He serves others, not because he has to, but because he wants to please the One who served us first.

He draws lines in the sand — about the movies he watches, the things he reads, the relationships he keeps — not to look good to anyone, but because he knows it makes God proud.

And he watches what comes out of his mouth — never using the Lord’s name carelessly, keeping both his words and his tone Godly.

No one is watching you anymore. It’s just you and Him now. And that’s exactly where a real faith finally becomes your own.",For he looks to the ends of the earth and sees everything under heaven.,Job 28:24,"I have held many things in my hands, and I have lost them all; but whatever I have placed in God’s hands, that I still possess.",Martin Luther,f
stepson,27,Travel,"Travel anywhere and everywhere you possibly can. Very few things will help you grow — as a young person and long into adulthood — the way travel does. The more people you meet, and the more you see them in their own homes, their own countries, their own ways of living, the wiser and more understanding you become.

There is nothing quite like witnessing how other people live to help you understand your own life. When you see families with far less than you have who are somehow full of joy, it rearranges something inside you. When you see how differently people in another country eat, worship, work, and raise their children, you stop assuming your way is the only way — or even the best way. Travel is one of the great cures for a small, self-centered view of the world. It grows your gratitude and your compassion at the same time.

It also does something for your faith. When you stand in a place completely different from home and realize God is there too — loved and worshiped by people who look nothing like you and speak a language you don’t understand — the world gets bigger and God gets bigger right along with it. His family is vast, and you’re one small, treasured part of something enormous.

Your “world” is already far smaller than the one I grew up in. The internet has shrunk it — you can see and reach almost anywhere in an instant. That’s a gift, so use it: connect with people who are different from you, learn about lives unlike your own. But don’t let a screen be a substitute for actually going. Nothing online compares to standing somewhere new, with your own two feet on the ground.

So go. See it. Meet people. Get a little lost. You will come home a bigger, kinder, more grateful person every single time.",For he looks to the ends of the earth and sees everything under heaven.,Job 28:24,"For my part, I travel not to go anywhere, but to go.",I travel for travel’s sake. The great affair is to move.,t
stepson,28,Abortion,"This is a hard subject, but an important one, and I’d be failing you if I stayed quiet about it. Let me start with the most important thing: the surest way to never face this decision at all is to save yourself for marriage. I want that for you deeply — we talk more about it elsewhere — and it’s the first and best protection I can offer you here. But because life is complicated and people I love sometimes end up in hard places, I want you to know where I stand — so you can help a friend, or, if it ever came to it, so you’d know exactly what I’d say to you.

I’ve known a number of women who have had abortions — you may know some yourself, even if you don’t know their story. The ones who’ve been honest with me carry a sorrow that’s almost impossible to put into words. Deep down, they know a life was ended, and that knowledge stays with them.

I’ve also known young women who had children very early — one at fifteen, another at seventeen — and placed them for adoption. They’ll tell you honestly that they regret the choices that got them there. But not one of them regrets that their child is alive today. There’s no hidden burden, no lasting damage — just the quiet peace of knowing that a hard mistake didn’t become a permanent one, and that someone is alive because of the harder, braver choice.

Sometimes people justify it because the man wanted it to happen, or didn’t want any responsibility. If that is the case, then don’t let them lead in this situation. A child’s life is far more important than anyone’s embarrassment, reputation, fear of telling parents, or convenience.

Here’s the heart of it: abortion is an easy short-term solution with heavy lifelong consequences. Adoption is a hard short-term choice with beautiful, lasting ones.

And if you ever find yourself frightened and unsure — sure you can’t tell me — please hear this now, while it’s calm: come to me. There is nothing you could ever do that would make me stop loving you, and no problem we can’t face together. There is always another way, and there is always grace. You will never have to walk through anything alone.","Before I formed you in the womb I knew you, before you were born I set you apart.",Jeremiah 1:5,There is one thing alone That stands the brunt of life throughout its course; A quiet conscience.,Euripides,f
stepson,29,Respect,"There’s a shift coming in our relationship that I want you to see ahead of time, because it’s a good one. Right now, while you’re young, honoring me mostly means doing what I say. That’s how it should be — it’s my job to guide you, and yours to trust that guidance. But that’s not where it ends. As you grow into an adult, honor changes into something deeper and better: not obedience, but respect — the kind two grown people choose to give each other.

That’s really what this chapter is about: the new relationship you and I get to build once you’re grown. It won’t be parent-over-child anymore. It’ll be two adults who love each other, treating each other with respect — and I can’t wait for it.

Here’s what respect between us will look like. It means we measure our words with each other, especially in the heated moments. It means you can disagree with me — openly, as an equal — and still honor me, and I can do the same with you. It means neither of us has to be perfect or pretend to be. I’ve never wanted a child who just nods along, and I won’t want an adult child who does either. Real respect has room for honest disagreement; that’s what makes it real.

This matters enough that God made it one of the Ten Commandments: “Honor your father and mother.” Notice He didn’t put an expiration date on it. The way you honor me will change as you grow — from obeying, to respecting, to one day maybe caring for me the way I once cared for you — but the honor itself is meant to last a lifetime.

So let’s build it together: a relationship rooted in respect, strong enough to hold disagreement, and warm enough to last the rest of our lives. That’s one of the greatest gifts we could ever give each other.","Honor your father and your mother, so that you may live long in the land the Lord your God is giving you.",Exodus 20:12,An injury is much sooner forgotten than an insult.,Lord Chesterfield,t
stepson,30,Working Hard,"Here’s one of the most encouraging truths I can give you: hard work requires no intelligence, no money, no advantages, and no connections. It doesn’t matter who your parents are, what you were born with, or how you compare to anyone else. Effort is the one path to success that is completely available to you, every single day. All it asks for is commitment and perseverance — and those are choices, not gifts.

Your ability to work hard in school will be a huge advantage to you for the rest of your life — and not just in a career. Once you’ve learned how to truly work at something, you can apply that same effort to the things that matter most: your marriage someday, raising your kids, staying close to your friends, and above all, your relationship with Christ. Hard work isn’t just for jobs. It’s for everything worth having, because nothing worth having comes easy.

You have real talent and real skills. When you combine them with genuine effort, there’s very little you can’t accomplish if you set your mind to it. But here’s the part most people miss: it isn’t only about how hard you work — it’s about what you work hard on. It all comes down to your priorities.

So let me give you an order worth keeping for life. Put your effort and your priority into these, in this sequence: first your relationship with Christ, then your family (and once you’re married, your spouse comes first, even before your parents and children), then your health, then your work or school, and then your friends. All of them matter. But when you keep them in that order, everything tends to fall into place. When you get the order backwards, even good things start to crowd out the most important ones.

Work hard. Work hard on the right things, in the right order. Do that, and you will not just succeed — you’ll build a life that actually means something.",One who is slack in his work is brother to one who destroys.,Proverbs 18:9,Hard work beats talent when talent doesn’t work hard.,Tim Tebow,f
stepson,31,Strike One...you're out.,"Read this one as carefully as anything I’ve ever told you: never, ever raise a hand against a woman. Not under any circumstance, not for any reason, not one single time. There is no provocation, no argument, no bad day, no “she pushed me to it” that will ever make it okay. None. This is an absolute, for your entire life.

Here’s something you need to understand ahead of time: no one on earth will ever be able to get under your skin like a woman you love. It’s just true. The people closest to our hearts can stir up feelings — including anger — that no stranger ever could. You won’t fully grasp this until you’re in it someday, but when that moment comes and the anger rises, you already know the answer: walk away. Leave the room. Cool down. Nothing bad happens when you walk away. Everything bad happens when you don’t.

Some men carry a temper that runs hot, and some don’t — but the rule is exactly the same either way. If you ever find that your anger scares you, or that you feel close to that line, take it seriously and get help immediately. Talk to a counselor. Talk to me. Talk to a Godly man you trust. Do whatever it takes. Getting help isn’t weak — it’s one of the strongest, most responsible things a man can ever do, and it could save the people you love, and save you.

And understand the stakes plainly, because they’re real: if you ever do it, even once, it’s over. She will be gone — as she should be — and more than likely, you’ll be in jail. One moment can end your marriage, your family, your freedom, and the man you wanted to be.

So decide now, long before you’re ever tested: you will be a man who protects women, never one who harms them. Walk away every single time. There is no strike two here. This is the one line you never, ever cross.","A fool always loses his temper, but a wise man holds it back.",Proverbs 29:11,The worst tempered people I've ever met were the people who knew they were wrong.,Wilson Mizner,f
stepson,32,Money is a Tool,"Money is a tool — nothing more, nothing less. You work to live, not live to work. Any other idea about money will only bring you pain and heartache someday. Money doesn’t make you a better person or a worse one. It can’t buy happiness; the most it can buy is a feeling of financial security. And while knowing you’re not headed for the poor house is genuinely nice, that feeling alone will never fill your life or your heart.

Think about what a tool actually is. A hammer is wonderful for building a house and useless for making you happy. Money is exactly the same. Use it for what it’s good for — providing, building, blessing, helping — and don’t ask it to do the things only God and people can do. The moment you expect money to give you peace, worth, or love, it will fail you, because that was never its job.

So be open-handed with it. Give it to God first, then to your family, then to friends and to people and causes in need — in that order. Generosity is the surest sign that money is your tool and not your master. If you grip it too tightly, one of two things happens: you lose it, or worse, you spend your whole life afraid of losing it, which is its own kind of poverty.

Hold money loosely. Earn it honestly, use it wisely, give it freely, and never let it become the thing you measure yourself by. There will always be people with more and people with less, and none of that will tell you a single true thing about your worth.

Here’s the whole chapter in one line: money is not important. It is serious — it deserves your attention and your care — but it is not important. Don’t ever confuse the two.","As goods increase, so do those who consume them. And what benefit are they to the owners except to feast their eyes on them?",Ecclesiastes 5:11,A wise man should have money in his head; not in his heart.,Jonathan Swift,t
stepson,33,New College Friends,"Your friends are a reflection of who you are and what you do. We can’t really live without them — and if we pick the wrong ones, sometimes we barely live at all. So pick great friends in college, and be a great friend in return.

Here’s the most important thing I can tell you on this subject: actively look for Christian friends who genuinely love Jesus. Not people who just say they’re Christian, or grew up going to church — look for the ones whose faith is real and alive, who love the Lord and let it show in how they treat people. Those friends will do something no one else can: they’ll point you back toward God when you drift, pray with you when things get hard, and celebrate with you in a way that’s rooted in something eternal. Seek them out on purpose. They are worth more than any other kind of friend you’ll make.

Real friends are with you through the good and the bad. They know you, accept you as you are, and care enough to correct you when you need it — always making sure you understand they love you just the same. College will hand you a whole new set of people to choose from, so choose very, very wisely, because friends will influence you one way or the other. You’ll meet people who grew up in completely different worlds than you did — some in better environments, some in worse. Make sure the ones you pull close build you up and bring you joy, and make sure you do the same for them.

Almost everyone, at some point, gets tangled up with a friend who’s bad for them. You can usually feel that it’s wrong, but by the time you notice, you’ve already let them close, and letting go feels impossible. Watch out especially for the people who seem like they’ve “lived more” — done wilder, riskier things and come out fine. Here’s the truth: they didn’t live more. They dodged a bullet. And the next time, they might not — and the first time you try it, you might not either. Before you follow anyone down that road, ask yourself two honest questions: Can you live with the consequences? And do you want to?

So let go of bad friends — better yet, don’t start with them. And someday, I’d truly love to get to know the good friends you make. Bring them around. Nothing would make me happier.","One who has unreliable friends soon comes to ruin, but there is a friend who sticks closer than a brother.",Proverbs 18:24,The only reward of virtue is virtue; the only way to have a friend is to be one.,Ralph Waldo Emerson,f
stepson,34,The Bible,"There’s something a little funny — and a little humbling — about spending all this time giving you my advice, hoping you’ll read every word. Because the honest truth is this: you’d be far better off setting this whole book down and just reading the Bible instead. That goes for everything I say, and everything every other man and woman on earth has ever said — including you. Next to God’s wisdom, all of us are working with tiny, cloudy little perspectives.

At your age, you’ve seen very little of this world. I’ve seen more than you — and I still know almost nothing. That’s not false modesty; it’s just true.

There’s a story I love about this. Two men were arguing, and one insisted there was no God. After going back and forth for a while, the other man pulled out a paper plate and said, “Imagine all the knowledge that could ever exist — everything that could possibly be known about this world — is represented by this plate. How much of it do you think you know?” The first man took a pen and made a single tiny dot. The other man smiled and said, “Don’t you think, somewhere in all the rest of that plate, there just might be something you don’t know — something that could make you wrong?”

That’s the whole thing, really. We know so little, and God knows all of it. So read His Word. Not once — over and over, for the rest of your life. It will teach you, correct you, comfort you, and steady you in ways nothing I write ever could.

I’m grateful you’re reading these pages, and I know it’s because you love me — that’s the only reason I get to share these life lessons with you at all. But please hear me clearly: it’s all garbage compared to what God has to say. My deepest hope is that my advice simply echoes His. You already know that’s true. I just needed to say it out loud, and to make sure you knew that I know it too.","All Scripture is God-breathed and is useful for teaching, rebuking, correcting and training in righteousness.",2 Timothy 3:16,You can learn more about human nature by reading the Bible than by living in New York,William Lyon Phelps,f
stepson,35,A Great Communicator,"Communication is the key to almost everything you’ll do. It shapes your relationships with your family, your friends, your coworkers, your teachers — everyone. If you want the kind of success and the kind of life you dream about, you’ll have to become a great communicator. It doesn’t matter whether you’re a person of few words or many; what matters is that you learn to connect with people clearly, honestly, and kindly. Let me give you three kinds worth mastering.

**Respectful communication.** This is the foundation. Acknowledge people when they walk into a room. Look them in the eye. Offer a strong handshake. Recognize how someone is feeling, and take it seriously. Call people back when you say you will. These small things tell people they matter — and how you make people feel is something they never forget.

**Truthful communication.** Tell people the truth, but always in love. That means not lying, and not dodging hard conversations just because they’re uncomfortable. It means being kind with your words — honest without being harsh or cruel. It means telling people what they need to know in time for it to matter. And it means being someone who can keep a confidence: a person whose word is good, who doesn’t traffic in gossip, who can be trusted with what’s private.

**Loving communication.** This is the one most men neglect, and it’s the most important of all. A lot of guys are taught, without anyone ever saying it out loud, that expressing love is a weakness. It isn’t — it’s strength. Tell the people you love that you love them, out loud and often. Make the time and effort to truly connect with them, not just pass by them. Be the one who reaches out first, who picks up the phone, who says the thing that’s easy to feel but hard to say. Love that stays silent doesn’t do anyone much good.

Master these three, and you’ll open almost every door worth walking through — in your work, your friendships, and most of all, your family.",The Spirit of the Lord spoke through me; his word was on my tongue.,2 Samuel 23:2,"Communication is not only the essence of being human, but also a vital property of life.",John R. Pierce,f
stepson,36,I Love you Anyway,"“I love you.” Those may be the most powerful words on earth. For a lot of people, they’re like oxygen — you don’t realize how much you need to hear them until you’re not getting them. Here’s something important to understand early: love is a choice, not a feeling. It’s an action, a decision to love someone right where they are, on their best days and their worst.

I once saw a skit at church that has stuck with me ever since. It laid out three ways people say “I love you,” and only one of them is real:

**Wrong — “I love you BECAUSE…”** you love me, you behave, you’re smart, you don’t talk back. That’s love with a reason, and reasons can change.

**Wrong — “I love you IF…”** you get good grades, you agree with me, you do what I want. That’s love with a condition, and conditions can be failed.

**Right — “I love you ANYWAY.”** No matter what. There is nothing you could ever do to make me stop loving you.

That’s how I love you — anyway, always, no matter what. And it’s how I hope you’ll learn to love others. When your love comes with a “because” or an “if,” it gets complicated and it quietly wounds the people who most need to feel secure with you. Love that has no conditions is the only kind that actually holds.

So love people anyway. And tell them — out loud, all the time. It makes a bigger difference than you can imagine. It doesn’t even matter if you’re mad or hurt in the moment; you can still love someone you’re angry with. It might be a little harder that day, but the love is still there, still a choice, still yours to give.","Love always protects, always trusts, always hopes, always perseveres.",1 Corinthians 13:7,Love and a cough cannot be hid.,George Herbert,t
stepson,37,Consequences,"For everything we do on this earth — and for some things done to us — there are consequences. Sometimes they’re good, sometimes bad, but they always come. And here’s what changes as you grow up: the consequences get bigger. As an adult, you have far more freedom to act, which means far more power to create consequences — for yourself and for everyone around you.

Look at how the stakes rise from childhood to adulthood:

As a child, if you misbehave, you get grounded. As an adult, if you break the law, you go to prison.

As a child, if you crash the car, your parents pay for it. As an adult, you pay — and depending on what happened, the cost can be far steeper than money.

As a child, if you wander off to the wrong place, you might get lost or scolded. As an adult, the wrong place at the wrong time can put you in real danger.

Now let me give you one specific, serious example that too many young men never see coming — and it can destroy a life. The day you turn 18, the law changes for you overnight. If you’re 18 and dating a girl who is under 18 — even by a little, even if you truly love each other, even if nothing at all has changed but the calendar — you can suddenly be committing a crime. A relationship that was completely fine the day before your birthday can now land you in jail and label you a registered sex offender for the rest of your life. That label follows you forever — where you can live, work, and go. The law does not care that it felt innocent, or that she’s your girlfriend. It only cares about the ages.

You get the point. The freedom of adulthood is wonderful, but it carries real weight. You’ve watched me live out the consequences of my own choices — good and bad — and seen how they rippled out to others, too. That’s how consequences work: they rarely stay contained to the person who caused them.

Here’s the most important thing to remember: you can’t always see or measure the consequences before you act. So move thoughtfully. Keep one eye on where your choices lead, and always consider the impact they’ll have — not just on you, but on everyone your life touches.","Remember this: whoever sows sparingly will also reap sparingly, and whoever sows generously will also reap generously.",2 Corinthians 9:6,You can do anything in this world if you’re prepared to take the consequences.,W. Somerset Maugham,f
stepson,38,Treating the Things You Own,"One of the clearest signs of a person who’s truly grateful for what they have is how well they take care of it. It sounds small, but it isn’t. The way you treat whatever is in your hands quietly reveals the way you see everything — as a gift to be honored, or as something disposable. And I’ll be the first to admit this is an area where I can do better too. So we’re learning this one together.

Practically, this means taking care of whatever you have — your clothes, your phone, a car, your home, your money, and most of all your body, which is the most important thing you’ll ever be trusted to care for. And here’s the heart of it: you take care of things well regardless of what they are. An old, beat-up car gets treated with just as much care as a brand-new one. Modest or fancy, big or small, new or worn out — it doesn’t matter. You care for what you have because caring for it is right, not because of what it’s worth or what it might get you.

This isn’t just my opinion — it’s a biblical principle. Again and again, Scripture teaches that the person who is faithful with a little is trusted with more, and that how we handle what we’ve been given matters deeply to God. Jesus told a whole parable about it. Being faithful in small things is how you’re shaped into someone who can be trusted with big ones.

In Christian language, this idea has a name: stewardship. It means understanding that nothing you have is ultimately yours — it’s on loan from God, entrusted to your care for a while. Your money, your job, your responsibilities, your relationships, even your children someday.

So take care of what’s in your hands — not out of vanity, and not to get more, but out of gratitude. Be a great steward of everything, big and small. It’s one of the quietest, truest ways to say “thank You” to the God who gave it all in the first place.","Whoever has will be given more, and they will have an abundance. Whoever does not have, even what they have will be taken from them.",Matthew 13:12,Property has its duties as well as its rights.,Thomas Drummond,f
stepson,39,Sometimes No Advice is Better,"When you are right in the middle of God’s will, you know it by the Bible, by prayer, and by those around you who are Godly and have wisdom. Stay there and keep your path.

Don’t listen to anyone else, **including me**.","I can do all things through Christ, who gives me strength.",Philippians 4:13,I know God will not give me anything I can't handle. I just wish that He didn't trust me so much.,Mother Teresa (1910 - 1997),t
stepson,40,Pornography II,"This is a subject that needs a little more discussion, because it comes in many forms — the internet, magazines, and so-called “men’s clubs.” Stay out of all of them, but let me talk about that last one specifically, because someday you’ll almost certainly get invited, and I want you ready to say no.

If you ever do go, remember this: every woman in that room is someone’s daughter, someone’s sister, maybe someone’s wife or mom. They may insist it doesn’t affect them, that it’s “just for the money” — but that isn’t the truth. Anyone willing to take their clothes off for money in front of strangers is carrying real pain, whether they’ll admit it or not. Don’t let anyone convince you it’s harmless fun. It isn’t, for them or for you.

<review>I’ll be honest with you, because I’d rather you hear it from me: I wish I could say I’ve never set foot in one, but I have. There’s a whole culture, especially in business, that treats these places as normal — a place to close a deal. It’s wrong, and I regret every time I went along with it. I’m telling you so you can do better than I did.</review>

Here’s the deepest problem: like so much else, it isn’t real. Men pay women to act interested in them for a little while. They hand over money to people who care nothing about them beyond their wallet. Men who get hooked on it — and they do — end up paying for fake relationships while avoiding real ones. There’s an old saying about these places: you leave your money there, you leave your dignity there, and the women don’t come home with you either. You walk out with nothing.

And if you ever find yourself pulled toward any of this and struggling to stop, don’t fight it alone in the dark. Come talk to me, or to another Godly man you trust. There’s no shame that grace can’t cover, and this is a battle no man should fight by himself.",I made a covenant with my eyes not to look lustfully at a young woman.,Job 31:1,The true test of a man’s character is what he does when no one is watching.,John Wooden,f
stepson,41,Embarrassment,"Almost as destructive as fear, anger, or arrogance is letting embarrassment run your life. This is an area I’ve always struggled with, and it has genuinely cost me. I won’t tell you not to feel embarrassed — that’s nearly impossible, we’re wired for it. What I’ll tell you is this: don’t let it control you or make your decisions for you.

I can remember so many times I missed out on something simply because I was embarrassed, or afraid I might be. Here’s an honest one: there were times I didn’t ask someone out because I was scared of being embarrassed if they said no. And the strange part? It wasn’t really the rejection I feared — it was other people knowing I’d been rejected. Pretty silly when I say it out loud, isn’t it? But that’s exactly how embarrassment works: it magnifies what other people think until it’s bigger than what you actually want.

You know people who don’t seem to get embarrassed by anything. Maybe, from your point of view or mine, there are a few things they should be a little embarrassed about! But look closer: they don’t let other people’s opinions dictate what they say, who their friends are, what they wear, or what they love. And quite frankly? They seem to carry so much less baggage than everyone else. There’s real freedom in that.

Here’s the truth worth remembering: the vast majority of the embarrassment we feel is completely false — a fear of judgment that mostly lives in our own heads. Most people are far too busy worrying about themselves to be thinking about you at all.

So let me ask you to sit with two questions. What actually embarrasses you? Be honest — name the things you avoid, the moments you shrink back from, the stuff you’d never want people to see. And then the more important one: should it? When you really look at each thing, is it worth the power you’ve handed it? More often than not, you’ll find the answer is no — and just seeing that can start to set you free.

There are so many amazing things you’ll get to do and experience in this life. Don’t let the fear of a little embarrassment hold you back from any of them. Feel it if you must — then go do the thing anyway. It is never worth what you’d miss.","For you have been my hope, Sovereign Lord, my confidence since my youth.",Psalm 71:5,"If you're never scared or embarrassed or hurt, it means you never take any chances.",Julia Sorel,f
stepson,42,Love Language,"Tell people, show people, and remind people that you love them. It’s one of the simplest and most powerful things you’ll ever do, and most people don’t do nearly enough of it.

First, tell them — out loud, in actual words. Tell the people you love that you love them: your family, your closest friends, and someday your wife. Don’t assume they just know. Make sure everyone in your family hears it from you regularly. Tell your parents you love them, all the time. Words are free, they take two seconds, and they can carry someone through a hard day.

But telling isn’t the whole picture, because people receive love in different ways. A counselor named Gary Chapman wrote a wonderful book explaining that there are five “love languages” — five different ways people most feel loved:

**Words of Affirmation** — hearing kind, encouraging, specific words.

**Gifts** — receiving something thoughtful, a sign they were thought of.

**Quality Time** — someone giving them their full, undistracted attention.

**Acts of Service** — someone doing something helpful for them.

**Physical Touch** — a hug, a hand on the shoulder (and someday, with your wife, the closeness of marriage).

Here’s the key: everyone has a primary love language, and some people have two. The trick is that we tend to give love in our own language, when the person in front of us might need it in a completely different one. You might feel most loved by quality time, while your friend feels it through words, and your future spouse through acts of service. So pay attention. Learn the love languages of the people closest to you — and then love them their way, not just yours.

Do that, and you’ll love people in a way they can actually feel. It’s one of the great secrets to every close relationship you’ll ever have.

P.S. — You can tell me you love me too!",Better is open rebuke than hidden love.,Proverbs 27:5,Love conquers all things; let us too surrender to love.,Virgil,t
stepson,43,"Alcohol, Drugs and Tobacco","Don’t drink and drive. I know it sounds simple, but I mean it — don’t. And don’t ride with other people who have been drinking, either. I did both, and it is by the sheer grace of God that I’m alive to write this. If even one of those nights had gone wrong, it would have wrecked my life and other people’s lives forever. You will get the chance to make that choice. The risk is never worth it.

The simplest advice about alcohol, drugs, and cigarettes is to stay away, and I hope so far you have. Here’s the trap: you can’t know whether you have an addictive streak until it’s too late to undo it. Some people get hooked far faster than others, and no one thinks it’ll be them. Stay away, and you never carry that risk at all.

I want to say something specifically about drugs, because the world is far more dangerous now than it was when I was young. It used to be that experimenting was risky. Today it can be deadly the very first time. People are putting powerful, lethal substances into pills and powders that look completely normal — so you cannot trust that anything is what someone tells you it is. A single bad decision, or one moment of trusting the wrong person, can end everything. There is no “just once” that is worth that. Please don’t take the chance. I need you here.

A word on cigarettes and vaping, too. Vaping gets sold as harmless, but it’s one of the fastest ways there is to get hooked on nicotine — I’ve watched it grab people hard and quick. And I’ve seen too many smart people stay trapped by cigarettes for decades because they simply can’t stop. Never hand anything that kind of power over you.

One last thing, man to man: so much of this comes down to self-control. When you lose control of your body and your mind, you become capable of things the real you would never do — hurting someone, wrecking a relationship, making a choice you can’t take back. Be a man who stays in control of himself. It protects you, it protects everyone around you, and it’s one of the truest marks of real strength.",Wine is a mocker and beer a brawler; whoever is led astray by them is not wise.,Proverbs 20:1,The best way to avoid a bad habit is to never begin it.,J.C. Penney,f
stepson,44,Jesus is Lord and Savior,"This may be the most important chapter in this entire book, so read it slowly. The whole Christian life comes down to two words in the title — Savior and Lord — and they mean two different things.

The Savior part is a decision. It’s the moment you accept Christ, admit you can’t save yourself, and submit to Him. That’s how you’re forgiven, and that’s how you get to heaven. It’s a gift you receive, not a prize you earn — you simply say yes. If you’ve never truly made that decision, I hope with all my heart that you will. Nothing matters more.

The Lord part is harder, and it lasts a lifetime. That’s when you actually try to live your life to please Him — day by day, choice by choice. You do it out of gratitude, because once you really see it, you realize everything good in your life is a gift: your mind, your health, your family, your home, the country you were born into, the opportunities in front of you — it is all by the grace of God. You didn’t earn any of it. It was given.

He is bigger than any problem you will ever face. Let me say that again, because you’ll need it someday: He is bigger than any problem you will ever face. When you center your life on His standards, you have something solid that never moves. Center it on your own, and the ground keeps shifting under you.

So live by His standards — not out of fear or obligation, but to please the God who made you and loves you. And here’s the beautiful part: since He designed you, when you live His way, you’re finally running the way you were built to run. There’s a peace and a rightness in living as your Maker intended that you simply can’t find anywhere else.

Savior first. Then Lord, for the rest of your life. Everything else in this book is just details next to this.","Jesus answered, “I am the way and the truth and the life. No one comes to the Father except through me.”",John 14:6,A man who was merely a man and said the sort of things Jesus said would not be a great moral teacher. He would either be a lunatic — or else the Devil of Hell.,C. S. Lewis,f
stepson,45,Love and Favor,"I’ve wrestled for a long time with the idea of unconditional love. You’ve heard me say it for as long as we’ve been family — I love you unconditionally, meaning no matter what you ever do, our love for you will never change. That’s completely true. I love you, and I always will, no matter what.

But I want to draw an important distinction for you — between love and favor — because they’re not the same thing. You’ve heard the old joke, “I love you, but I don’t always like you.” There’s also the saying, “Love the sinner, hate the sin.” Here’s the deeper version: I can love you unconditionally and completely, and yet you may or may not have favor with me at any given moment. And it works both ways.

Here’s what I mean. If you’re disrespectful, unkind to the people you should honor, careless about staying connected to your family, sloppy with your responsibilities, or you get yourself into trouble — I will still love you with everything I have. But you may not have my favor. And favor comes with real, tangible things: trust, freedom, opportunities, help when you need it, the benefit of the doubt. Lose favor, and some of those things quietly go away. Earn it, and doors open.

That’s the key truth: love is unconditional, but favor is earned. And you’re earning or losing it every single day — with me, with your teachers, with other adults, with everyone whose respect matters. The way you treat people, the way you handle your responsibilities, the way you carry yourself — it’s all quietly building or spending your favor with the world.

This works with God, too, in a way. His love for you is boundless and unconditional — but Scripture is full of the blessings and favor that come to those who walk in His ways.

So earn favor — with those you love and even those you don’t. The rewards are real, and life goes far more smoothly for the person who has it. Love is a gift. Favor is a harvest.","Let love and faithfulness never leave you; bind them around your neck, write them on the tablet of your heart. Then you will win favor and a good name in the sight of God and man.",Proverbs 3:3-4,"You reap what you sow; more than you sow, and later than you sow.",Robert Louis Stevenson,f
stepson,46,Fear,"Fear is one word that will imprison you if you don’t fight it, and keep fighting it, all your life. The first step is simply to be aware of when you’re afraid — to notice it, name it, and see it for what it really is. You’ve heard me say it before, and I’ll say it again: face your fears. I’m sure certain people come to mind right now when you think of someone ruled by fear. Don’t become one of them.

Fear, left unchecked, can quietly wreck a whole life. People afraid of flying never see the world. People afraid to trust never let anyone close enough to truly love them. People afraid of not having a paycheck stay in dead-end jobs for decades, slowly dying a little each day. In almost every case, the fear costs them far more than the thing they were afraid of ever could have.

Here’s something worth understanding: most fear isn’t even real. Some people call it “False Evidence Appearing Real.” The kind of fear you feel when there’s actual danger right in front of you is a gift — it protects you, and you should listen to it. But the fear that imprisons people is almost always the made-up kind: a frightening story we tell ourselves about a future that hasn’t happened and probably never will. We build it in our own minds, then live as though it’s certain. So when fear grips you, learn to ask one honest question: is this a real danger right now, or am I making this up? You’ll be amazed how often the answer sets you free.

Here’s where faith changes everything. When your security is anchored in God, fear loses most of its grip, because you know that whatever happens, you are held. You don’t have to be fearless on your own strength — you just have to trust the One who is.

And there is exactly one fear worth keeping. The Bible says, “The fear of the Lord is the beginning of wisdom.” That kind of fear isn’t terror — it’s awe, reverence, a deep respect for how big and holy God is. That fear doesn’t shrink your life; it opens it up. Fear God, and you’ll have far less reason to fear anything else.",The Lord is my light and my salvation — whom shall I fear? The Lord is the stronghold of my life — of whom shall I be afraid?,Psalms 27:1,Let me assert my firm belief that the only thing we have to fear is fear itself.,Franklin D. Roosevelt,f
stepson,47,Sex,"The standard line is that “guys are only after one thing” — they want sex and will do just about anything to get a girl into bed. It’s supposed to be different for Christian men. I hope it is, but honestly, that’s not always the case. You’re a Christian guy, and you’ve been taught that sex is for marriage. The world will tell you something completely different, constantly. So here’s the real question: is it okay to be a man who isn’t only after one thing? The answer is a clear yes — and it’s exactly the kind of man I’m asking you to be.

So how do you actually do that? It starts with who you choose. Pick a girl who shares your values and your expectations. If you don’t, you’ll end up being the one forced to “hold back” against constant pressure — and that’s a genuinely hard place to be. Choose someone walking the same direction as you, and you’ll be pulling together instead of fighting each other.

And understand this: even in a great, strong relationship, sex is not the “next step” toward something more mature. It isn’t a step at all — it’s a gift reserved for marriage. If you refuse to see it as a way to get closer or the next “stage,” it simply won’t be on the table. Anyone who tells you it’s necessary, natural, or required is lying to you. Sex fogs everything. Even the desire for it clouds your judgment; once it enters a relationship, you stop thinking straight. Your purity is one of the most precious gifts you can carry into your marriage someday — and giving it to your wife is worth far more than any “experience” the world tells you you’re missing.

Because you’re not missing anything. There’s no prize for playing the field — only regret to carry later. The right woman someday will be thrilled, not disappointed, that you waited. I promise you: you will have a stronger, deeper marriage if you do.

And one more thing, because grace matters as much as truth: choosing to save yourself is an ongoing decision — one you’ll keep making right up until you marry. Wherever you are, there is always grace, and always my love and support. Come talk to me anytime, about anything. I love you, no matter what.","Let us behave decently, as in the daytime, not in carousing and drunkenness, not in sexual immorality and debauchery, not in dissension and jealousy.",Romans 13:13,There is nothing like desire for preventing the thing one says from bearing any resemblance to what one has in one’s mind.,Marcel Proust,f
stepson,48,Humility,"Let me tell you about one of the most attractive, powerful, and underrated qualities a person can have: humility. The world will tell you to promote yourself, out-shine everyone, and make sure people know how great you are. I want to tell you something better.

First, let’s clear up what humility actually is, because most people get it wrong. Humility is not thinking less of yourself. It’s not putting yourself down, shrinking back, or pretending you have no gifts. Here’s the real definition, and it’s worth memorizing: humility is not thinking less of yourself — it’s thinking of yourself less. That’s the whole secret. A humble person isn’t consumed by how they’re coming across, how they measure up, or what everyone thinks of them. They’re free of all that — free to actually notice other people, to serve, to listen, to love.

Compare that to arrogance, which is the exact opposite. You know the type — the person who talks about themselves endlessly, then says, “But enough about me… what do you think of me?” Arrogant people are trapped inside themselves. And here’s the irony: arrogance is usually just insecurity wearing a costume. Truly secure people never need to look down on anyone.

Humility doesn’t mean you can’t be confident, either. You can be both at once — quietly sure of who you are, and far more interested in others than in yourself. In fact, that combination is exactly what makes someone magnetic. People are drawn to those who make them feel important, not to those who are busy being impressed with themselves.

And this is close to the heart of God. The Bible says again and again that He opposes the proud but gives grace to the humble. Jesus Himself — with every right to boast — chose to serve, to kneel, to wash feet. If that’s how the King of everything carried Himself, it’s a pretty good model for us.

So think of yourself less. Lift others up. Stay humble. You’ll be happier, you’ll be loved, and you’ll look far more like Jesus.","God can’t stomach arrogance or pretense; believe me, he’ll put those upstarts in their place.",Proverbs 16:5,"By my count, more business leaders have failed and derailed because of arrogance than any other character flaw.",Harvey Mackay,f
stepson,49,Manipulation,"I know the verse and quote for this one are a little heavy — but this is an area I truly believe you, and honestly everyone, needs to watch out for. It’s manipulation.

Here’s the uncomfortable truth: most of us are surprisingly good at it, myself included. Somewhere along the way — probably over many years and many times when it worked — we learn to manipulate to get our way. It takes a hundred quiet forms: not telling the whole story, adding details that aren’t quite true, carefully timing when and how you share information, steering a conversation — all with the goal of getting what you want, keeping what you have, or dodging what you don’t want to face. The reason it’s so dangerous is precisely that it often works.

But here’s what it costs, and the price is steep: manipulation quietly destroys trust with the very people who love you most. They end up feeling used and misled, even if they can’t put their finger on why. And trust is everything. Think of it like a bank account — every honest, straightforward interaction adds to it, and every manipulation quietly withdraws from it. Empty that account, and the relationship is in real trouble.

As a kid, the consequences for manipulating were small — losing your phone, your screen time, a sleepover — handed down by people who love you unconditionally no matter what. But in the adult world, the stakes climb fast: lost jobs, lost relationships, lost people you hold dear. And there’s something bigger now, too. As an adult, you’re building a reputation and a witness that the whole world can see. Guard it.

So here’s my strange advice: make it your goal to be bad at manipulation. Stop practicing it. Get worse at it, on purpose. Choose to be the kind of person who just says what’s true, asks for what they want plainly, and lets the honest chips fall where they may. The sooner you start, the freer you’ll be.",...know for sure that you will be punished for your sin.,Numbers 32:23,"All sin tends to be addictive, and the terminal point of addiction is what is called damnation",W.H. Auden,f
stepson,50,The Gift of Being Bored,"Here’s something your generation almost never gets to experience, and it worries me a little: boredom. And the reason is simple — the phone. The moment there’s an empty second, it’s right there in your pocket, ready to fill it with a scroll, a video, a game, a feed that never, ever ends. You never have to be bored again. That sounds like a good thing. It isn’t.

I want to tell you why boredom is actually one of the most underrated gifts in life. When I was young, we didn’t have a screen to escape into, so boredom was just part of things. You’d finish everything you had to do, and then… nothing. Empty time, stretching out in front of you. And here’s what I’ve come to realize: that empty time was a gift, even though it never felt like one — because boredom is where the good stuff quietly begins.

Think about what boredom pushes you toward. Bored, you might finally pick up that book. You might learn something new just because you wondered about it. You might create something — draw, build, write, play. You might take the nap your body was quietly begging for. You might notice someone who could use a hand, and go help them. You might have a long, wandering conversation that becomes one of your favorite memories. Almost every good and creative thing I’ve ever done started in a moment when I had nothing to do.

But a phone fills that space before it can ever do its work. You end up entertained every second and creative almost none. Comfortable every moment, and stretched almost never.

So here’s my genuine encouragement, and I know it sounds backwards: put the phone down and let yourself be bored. Don’t rush to fill every quiet moment. When boredom shows up, treat it as an open door. Take the nap. Learn the thing. Help the person. Make something. Or just sit, think, and be still — the Bible says, “Be still, and know that I am God.” Some of the best moments of your life will grow out of the empty ones, if you’ll only let them.","Be still, and know that I am God.",Psalm 46:10,All of humanity’s problems stem from man’s inability to sit quietly in a room alone.,Blaise Pascal,f
stepson,51,Being An Adult,"Congratulations! You are, once again, the youngest — the youngest kind of adult there is. Just when you’d finally made it to the top of childhood, here you are, right back at the beginning of something brand new. And I could not be more proud of you. You have your entire life ahead of you now, to live.

So live it well, and live it as it’s meant to be lived, because it’s the only one you’ll ever have on this earth. One of the ways you prepare for eternity is by living a full life here. I hope one or two of the things I’ve told you in these pages will be of real value to you now. Take the very best and worst of everyone around you, mix it with the very best and worst of yourself over all these years, hold it all up against the Bible for a truth test — and then GO FOR IT.

You have such flexibility and such wide-open opportunity ahead of you. I once saw a license plate that said: “If you’re living as if there is no God… you’d better be right.” That’s true — but I think it’s even better the other way around: if you live as though there is a God, you’re right, so enjoy everything He’s given you. And He’s given you so much already. You are blessed — you really are.

So don’t be afraid to make a mistake. Don’t be fearful. You are loved, cherished, prayed for, appreciated, and accepted exactly as you are. My love for you is unconditional — it always has been and always will be. You earned all of my heart the day you became part of my life. You are precious, unique, special, significant, valuable, and wanted. I am endlessly impressed by you — your talent, your creativity, your humor, your confidence, your intelligence. I’ve said it before: you are perfectly imperfect.

The only real problem is that it means I now have a grown child — and I’m quite sure I’m far too young for that! You have given me an unbelievable run of years. They haven’t all been perfect, but through every one of them, I have felt incredibly, indescribably proud to be yours.","Don’t stop listening to correction my child, Or you will forget what you have already learned.",Proverbs 19:27,"The future...something which everyone reaches at The rate of sixty minutes and hour, whatever he does, whoever he is.",C.S. Lewis,f
stepson,52,Praying,"There’s really only one subject left that I need to share with you. It isn’t the 52nd most important thing — it’s just the last one, and in many ways it holds all the others together. I want to tell you how important it is to pray about everything you do.

I genuinely believe we all need what I call “prayer cover” — people praying for us, and us praying for others and for ourselves. It’s one of the most powerful and most overlooked things in the world. From the day you came into my life, I have prayed for you without stopping. I believe with all my heart that it has made a difference, and I want to encourage you to bring absolutely everything to God — your challenges, your fears, your hopes, your wildest dreams.

Here’s the truth about the life ahead of you: it is exciting and wonderful, and it is also, at times, very hard. You cannot do it on your own — and the good news is that you were never meant to. Recognize your place in things: it is by the grace of God that you exist and breathe at all. So talk to Him. Ask Him for what you need. It’s easy to ask, because He is more than worth the asking, and He loves you more than even I do — which is saying something.

I have loved sharing all of these thoughts with you across these pages. And now I’ll ask you for one thing in return: please pray for me, too. I mean it — I need it. It matters more to me than any birthday card you could send or any phone call on a holiday. Just talk to God, and mention me sometimes.

Thank you for these years — every single one of them has been a gift. And God willing, we have so many more still ahead. Until then, and always: pray. It’s the last thing I’ll tell you, because it’s the thing that carries you through everything else.",Lord hear my prayer; listen to my cry for mercy. Answer me because you are loyal and good.,Psalm 143:1,One single grateful thought raised to heaven is the most perfect prayer.,G. E. Lessing,f
